2025-08-22 05:08:59,413 - Knowledge - INFO - Redis support added with prefix knowledge:b589510:
2025-08-22 05:08:59,562 - Knowledge - INFO - load persisted knowledge: begin
2025-08-22 05:08:59,569 - Knowledge - INFO - load persisted knowledge: end
2025-08-22 05:08:59,570 - Knowledge - INFO - load persisted docinfo: begin
2025-08-22 05:08:59,572 - Knowledge - INFO - load persisted docinfo: end
2025-08-22 05:08:59,601 - Knowledge - INFO - worker kw1 created with dedicated MongoDB connection (total: 1)
2025-08-22 05:08:59,601 - Knowledge - INFO - knowledge worker kw1 start
2025-08-22 05:08:59,602 - Knowledge - INFO - worker kw1 pull /app/data/b2c/9652/b589510/rialto-ocdm-9652/scripts/cpplint/cpplint.py from ingest queue
2025-08-22 05:08:59,603 - Knowledge - INFO - worker kw2 created with dedicated MongoDB connection (total: 2)
2025-08-22 05:08:59,604 - Knowledge - INFO - knowledge worker kw2 start
2025-08-22 05:08:59,605 - Knowledge - INFO - worker kw2 pull /app/data/b2c/9652/b589510/rialto-ocdm-9652/scripts/clang-format/process_clang-format_errors.py from ingest queue
2025-08-22 05:08:59,607 - Knowledge - INFO - worker kw3 created with dedicated MongoDB connection (total: 3)
2025-08-22 05:08:59,607 - Knowledge - INFO - knowledge worker kw3 start
2025-08-22 05:08:59,609 - Knowledge - INFO - worker kw4 created with dedicated MongoDB connection (total: 4)
2025-08-22 05:08:59,610 - Knowledge - INFO - knowledge worker kw4 start
2025-08-22 05:08:59,611 - Knowledge - INFO - worker kw5 created with dedicated MongoDB connection (total: 5)
2025-08-22 05:08:59,611 - Knowledge - INFO - knowledge worker kw5 start
2025-08-22 05:08:59,612 - Knowledge - INFO - worker kw6 created with dedicated MongoDB connection (total: 6)
2025-08-22 05:08:59,613 - Knowledge - INFO - knowledge worker kw6 start
2025-08-22 05:08:59,614 - Knowledge - INFO - worker kw7 created with dedicated MongoDB connection (total: 7)
2025-08-22 05:08:59,614 - Knowledge - INFO - knowledge worker kw7 start
2025-08-22 05:08:59,619 - Knowledge - INFO - worker kw8 created with dedicated MongoDB connection (total: 8)
2025-08-22 05:08:59,619 - Knowledge - INFO - worker kw7 pull /app/data/b2c/9652/b589510/rialto-ocdm-9652/scripts/valgrind/process_valgrind_results.py from ingest queue
2025-08-22 05:08:59,621 - Knowledge - INFO - knowledge worker kw8 start
2025-08-22 05:08:59,622 - Knowledge - INFO - worker kw8 pull /app/data/b2c/9652/b589510/rialto-ocdm-9652/TERMS.md from ingest queue
2025-08-22 05:08:59,624 - Knowledge - INFO - worker kw9 created with dedicated MongoDB connection (total: 9)
2025-08-22 05:08:59,624 - Knowledge - INFO - knowledge worker kw9 start
2025-08-22 05:08:59,626 - Knowledge - INFO - worker kw10 created with dedicated MongoDB connection (total: 10)
2025-08-22 05:08:59,627 - Knowledge - INFO - knowledge worker kw10 start
2025-08-22 05:08:59,628 - Knowledge - INFO - worker kw10 pull /app/data/b2c/9652/b589510/rialto-ocdm-9652/CMakeLists.txt from ingest queue
2025-08-22 05:08:59,629 - Knowledge - INFO - worker kw3 pull /app/data/b2c/9652/b589510/rialto-ocdm-9652/cmake/googletest.cmake from ingest queue
2025-08-22 05:08:59,630 - Knowledge - INFO - worker kw5 pull /app/data/b2c/9652/b589510/rialto-ocdm-9652/cmake/FindRialto.cmake from ingest queue
2025-08-22 05:08:59,630 - Knowledge - INFO - worker kw6 pull /app/data/b2c/9652/b589510/rialto-ocdm-9652/docs/index.html from ingest queue
2025-08-22 05:08:59,632 - Knowledge - INFO - worker kw4 pull /app/data/b2c/9652/b589510/rialto-ocdm-9652/library/include/OpenCDMSession.h from ingest queue
2025-08-22 05:08:59,636 - Knowledge - INFO - worker kw11 created with dedicated MongoDB connection (total: 11)
2025-08-22 05:08:59,637 - Knowledge - INFO - knowledge worker kw11 start
2025-08-22 05:08:59,638 - Knowledge - INFO - worker kw9 pull /app/data/b2c/9652/b589510/rialto-ocdm-9652/library/include/MediaKeysCapabilitiesBackend.h from ingest queue
2025-08-22 05:08:59,642 - Knowledge - INFO - worker kw11 pull /app/data/b2c/9652/b589510/rialto-ocdm-9652/library/include/OpenCDMSystemPrivate.h from ingest queue
2025-08-22 05:08:59,643 - Knowledge - INFO - worker kw12 created with dedicated MongoDB connection (total: 12)
2025-08-22 05:08:59,643 - Knowledge - INFO - knowledge worker kw12 start
2025-08-22 05:08:59,665 - Knowledge - INFO - worker kw13 created with dedicated MongoDB connection (total: 13)
2025-08-22 05:08:59,666 - Knowledge - INFO - worker kw12 pull /app/data/b2c/9652/b589510/rialto-ocdm-9652/library/include/MessageDispatcher.h from ingest queue
2025-08-22 05:08:59,666 - Knowledge - INFO - knowledge worker kw13 start
2025-08-22 05:08:59,669 - Knowledge - INFO - worker kw13 pull /app/data/b2c/9652/b589510/rialto-ocdm-9652/library/include/CdmBackend.h from ingest queue
2025-08-22 05:08:59,675 - Knowledge - INFO - worker kw14 created with dedicated MongoDB connection (total: 14)
2025-08-22 05:08:59,675 - Knowledge - INFO - knowledge worker kw14 start
2025-08-22 05:08:59,678 - Knowledge - INFO - worker kw14 pull /app/data/b2c/9652/b589510/rialto-ocdm-9652/library/include/RialtoGStreamerEMEProtectionMetadata.h from ingest queue
2025-08-22 05:08:59,684 - Knowledge - INFO - process ingested knowledge for /app/data/b2c/9652/b589510/rialto-ocdm-9652/docs/index.html
2025-08-22 05:08:59,685 - Knowledge - INFO - process ingested knowledge for /app/data/b2c/9652/b589510/rialto-ocdm-9652/TERMS.md
2025-08-22 05:08:59,686 - Knowledge - INFO - worker kw15 created with dedicated MongoDB connection (total: 15)
2025-08-22 05:08:59,686 - Knowledge - INFO - knowledge worker kw15 start
2025-08-22 05:08:59,694 - Knowledge - INFO - process ingested knowledge for /app/data/b2c/9652/b589510/rialto-ocdm-9652/scripts/cpplint/cpplint.py
2025-08-22 05:08:59,695 - Knowledge - INFO - worker kw16 created with dedicated MongoDB connection (total: 16)
2025-08-22 05:08:59,695 - Knowledge - INFO - knowledge worker kw16 start
2025-08-22 05:08:59,696 - Knowledge - INFO - worker kw15 pull /app/data/b2c/9652/b589510/rialto-ocdm-9652/library/include/Logger.h from ingest queue
2025-08-22 05:08:59,699 - Knowledge - INFO - Found code-base-name: https://github.com/kavia-common/rialto-ocdm-9652.git:kavia-6.0.0-rc1
2025-08-22 05:08:59,699 - Knowledge - INFO - Found code_base: <app.utils.kg_build.knowledge.KnowledgeCodeBase object at 0x7fdac7626890>
2025-08-22 05:08:59,699 - Knowledge - INFO - persist ingested knowledge for /app/data/b2c/9652/b589510/rialto-ocdm-9652/docs/index.html
2025-08-22 05:08:59,765 - Knowledge - INFO - process ingested knowledge for /app/data/b2c/9652/b589510/rialto-ocdm-9652/cmake/googletest.cmake
2025-08-22 05:08:59,767 - Knowledge - INFO - process ingested knowledge for /app/data/b2c/9652/b589510/rialto-ocdm-9652/CMakeLists.txt
2025-08-22 05:08:59,768 - Knowledge - INFO - process ingested knowledge for /app/data/b2c/9652/b589510/rialto-ocdm-9652/cmake/FindRialto.cmake
2025-08-22 05:08:59,770 - Knowledge - INFO - worker kw17 created with dedicated MongoDB connection (total: 17)
2025-08-22 05:08:59,770 - Knowledge - INFO - knowledge worker kw17 start
2025-08-22 05:08:59,771 - Knowledge - INFO - process ingested knowledge for /app/data/b2c/9652/b589510/rialto-ocdm-9652/scripts/clang-format/process_clang-format_errors.py
2025-08-22 05:08:59,774 - Knowledge - INFO - worker kw18 created with dedicated MongoDB connection (total: 18)
2025-08-22 05:08:59,775 - Knowledge - INFO - knowledge worker kw18 start
2025-08-22 05:08:59,777 - Knowledge - INFO - worker kw19 created with dedicated MongoDB connection (total: 19)
2025-08-22 05:08:59,780 - Knowledge - INFO - knowledge worker kw19 start
2025-08-22 05:08:59,786 - Knowledge - INFO - worker kw20 created with dedicated MongoDB connection (total: 20)
2025-08-22 05:08:59,787 - Knowledge - INFO - knowledge worker kw20 start
2025-08-22 05:08:59,788 - Knowledge - INFO - process ingested knowledge for /app/data/b2c/9652/b589510/rialto-ocdm-9652/library/include/MediaKeysCapabilitiesBackend.h
2025-08-22 05:08:59,789 - Knowledge - WARNING - High connection count: 21 connections active
2025-08-22 05:08:59,789 - Knowledge - INFO - worker kw21 created with dedicated MongoDB connection (total: 21)
2025-08-22 05:08:59,791 - Knowledge - INFO - knowledge worker kw21 start
2025-08-22 05:08:59,792 - Knowledge - INFO - process ingested knowledge for /app/data/b2c/9652/b589510/rialto-ocdm-9652/scripts/valgrind/process_valgrind_results.py
2025-08-22 05:08:59,793 - Knowledge - INFO - process ingested knowledge for /app/data/b2c/9652/b589510/rialto-ocdm-9652/library/include/OpenCDMSystemPrivate.h
2025-08-22 05:08:59,794 - Knowledge - INFO - process ingested knowledge for /app/data/b2c/9652/b589510/rialto-ocdm-9652/library/include/OpenCDMSession.h
2025-08-22 05:08:59,795 - Knowledge - WARNING - High connection count: 22 connections active
2025-08-22 05:08:59,795 - Knowledge - INFO - worker kw22 created with dedicated MongoDB connection (total: 22)
2025-08-22 05:08:59,795 - Knowledge - INFO - knowledge worker kw22 start
2025-08-22 05:08:59,797 - Knowledge - WARNING - High connection count: 23 connections active
2025-08-22 05:08:59,797 - Knowledge - INFO - worker kw23 created with dedicated MongoDB connection (total: 23)
2025-08-22 05:08:59,797 - Knowledge - INFO - knowledge worker kw23 start
2025-08-22 05:08:59,865 - Knowledge - WARNING - High connection count: 24 connections active
2025-08-22 05:08:59,865 - Knowledge - INFO - worker kw24 created with dedicated MongoDB connection (total: 24)
2025-08-22 05:08:59,865 - Knowledge - INFO - knowledge worker kw24 start
2025-08-22 05:08:59,866 - Knowledge - INFO - process ingested knowledge for /app/data/b2c/9652/b589510/rialto-ocdm-9652/library/include/RialtoGStreamerEMEProtectionMetadata.h
2025-08-22 05:08:59,867 - Knowledge - WARNING - High connection count: 25 connections active
2025-08-22 05:08:59,868 - Knowledge - INFO - worker kw25 created with dedicated MongoDB connection (total: 25)
2025-08-22 05:08:59,868 - Knowledge - INFO - knowledge worker kw25 start
2025-08-22 05:08:59,870 - Knowledge - INFO - process ingested knowledge for /app/data/b2c/9652/b589510/rialto-ocdm-9652/library/include/Logger.h
2025-08-22 05:08:59,870 - Knowledge - INFO - process ingested knowledge for /app/data/b2c/9652/b589510/rialto-ocdm-9652/library/include/MessageDispatcher.h
2025-08-22 05:08:59,871 - Knowledge - INFO - process ingested knowledge for /app/data/b2c/9652/b589510/rialto-ocdm-9652/library/include/CdmBackend.h
2025-08-22 05:08:59,897 - Knowledge - INFO - worker kw16 pull /app/data/b2c/9652/b589510/rialto-ocdm-9652/library/include/OpenCDMSystem.h from ingest queue
2025-08-22 05:08:59,898 - Knowledge - INFO - Found code-base-name: https://github.com/kavia-common/rialto-ocdm-9652.git:kavia-6.0.0-rc1
2025-08-22 05:08:59,898 - Knowledge - INFO - Found code_base: <app.utils.kg_build.knowledge.KnowledgeCodeBase object at 0x7fdac7626890>
2025-08-22 05:08:59,898 - Knowledge - INFO - persist ingested knowledge for /app/data/b2c/9652/b589510/rialto-ocdm-9652/TERMS.md
2025-08-22 05:08:59,898 - Knowledge - INFO - worker kw17 pull /app/data/b2c/9652/b589510/rialto-ocdm-9652/library/include/ActiveSessions.h from ingest queue
2025-08-22 05:08:59,899 - Knowledge - INFO - Found code-base-name: https://github.com/kavia-common/rialto-ocdm-9652.git:kavia-6.0.0-rc1
2025-08-22 05:08:59,899 - Knowledge - INFO - Found code_base: <app.utils.kg_build.knowledge.KnowledgeCodeBase object at 0x7fdac7626890>
2025-08-22 05:08:59,900 - Knowledge - INFO - persist ingested knowledge for /app/data/b2c/9652/b589510/rialto-ocdm-9652/scripts/cpplint/cpplint.py
2025-08-22 05:08:59,900 - Knowledge - INFO - Found code-base-name: https://github.com/kavia-common/rialto-ocdm-9652.git:kavia-6.0.0-rc1
2025-08-22 05:08:59,900 - Knowledge - INFO - Found code_base: <app.utils.kg_build.knowledge.KnowledgeCodeBase object at 0x7fdac7626890>
2025-08-22 05:08:59,900 - Knowledge - INFO - persist ingested knowledge for /app/data/b2c/9652/b589510/rialto-ocdm-9652/cmake/googletest.cmake
2025-08-22 05:08:59,901 - Knowledge - INFO - Found code-base-name: https://github.com/kavia-common/rialto-ocdm-9652.git:kavia-6.0.0-rc1
2025-08-22 05:08:59,901 - Knowledge - INFO - Found code_base: <app.utils.kg_build.knowledge.KnowledgeCodeBase object at 0x7fdac7626890>
2025-08-22 05:08:59,901 - Knowledge - INFO - persist ingested knowledge for /app/data/b2c/9652/b589510/rialto-ocdm-9652/cmake/FindRialto.cmake
2025-08-22 05:08:59,901 - Knowledge - INFO - Found code-base-name: https://github.com/kavia-common/rialto-ocdm-9652.git:kavia-6.0.0-rc1
2025-08-22 05:08:59,901 - Knowledge - INFO - Found code_base: <app.utils.kg_build.knowledge.KnowledgeCodeBase object at 0x7fdac7626890>
2025-08-22 05:08:59,901 - Knowledge - INFO - persist ingested knowledge for /app/data/b2c/9652/b589510/rialto-ocdm-9652/CMakeLists.txt
2025-08-22 05:08:59,902 - Knowledge - INFO - worker kw18 pull /app/data/b2c/9652/b589510/rialto-ocdm-9652/library/include/OpenCDMSessionPrivate.h from ingest queue
2025-08-22 05:08:59,902 - Knowledge - INFO - worker kw19 pull /app/data/b2c/9652/b589510/rialto-ocdm-9652/library/include/IMessageDispatcher.h from ingest queue
2025-08-22 05:08:59,903 - Knowledge - INFO - Found code-base-name: https://github.com/kavia-common/rialto-ocdm-9652.git:kavia-6.0.0-rc1
2025-08-22 05:08:59,903 - Knowledge - INFO - Found code_base: <app.utils.kg_build.knowledge.KnowledgeCodeBase object at 0x7fdac7626890>
2025-08-22 05:08:59,903 - Knowledge - INFO - persist ingested knowledge for /app/data/b2c/9652/b589510/rialto-ocdm-9652/scripts/clang-format/process_clang-format_errors.py
2025-08-22 05:08:59,930 - Knowledge - INFO - process ingested knowledge for /app/data/b2c/9652/b589510/rialto-ocdm-9652/library/include/OpenCDMSystem.h
2025-08-22 05:08:59,932 - Knowledge - INFO - process ingested knowledge for /app/data/b2c/9652/b589510/rialto-ocdm-9652/library/include/ActiveSessions.h
2025-08-22 05:08:59,938 - Knowledge - INFO - process ingested knowledge for /app/data/b2c/9652/b589510/rialto-ocdm-9652/library/include/IMessageDispatcher.h
2025-08-22 05:08:59,939 - Knowledge - INFO - process ingested knowledge for /app/data/b2c/9652/b589510/rialto-ocdm-9652/library/include/OpenCDMSessionPrivate.h
2025-08-22 05:08:59,977 - Knowledge - INFO - worker kw21 pull /app/data/b2c/9652/b589510/rialto-ocdm-9652/library/include/ICdmBackend.h from ingest queue
2025-08-22 05:08:59,978 - Knowledge - INFO - Found code-base-name: https://github.com/kavia-common/rialto-ocdm-9652.git:kavia-6.0.0-rc1
2025-08-22 05:08:59,978 - Knowledge - INFO - Found code_base: <app.utils.kg_build.knowledge.KnowledgeCodeBase object at 0x7fdac7626890>
2025-08-22 05:08:59,978 - Knowledge - INFO - persist ingested knowledge for /app/data/b2c/9652/b589510/rialto-ocdm-9652/library/include/MediaKeysCapabilitiesBackend.h
2025-08-22 05:08:59,979 - Knowledge - INFO - Found code-base-name: https://github.com/kavia-common/rialto-ocdm-9652.git:kavia-6.0.0-rc1
2025-08-22 05:08:59,979 - Knowledge - INFO - Found code_base: <app.utils.kg_build.knowledge.KnowledgeCodeBase object at 0x7fdac7626890>
2025-08-22 05:08:59,979 - Knowledge - INFO - persist ingested knowledge for /app/data/b2c/9652/b589510/rialto-ocdm-9652/scripts/valgrind/process_valgrind_results.py
2025-08-22 05:08:59,979 - Knowledge - INFO - worker kw22 pull /app/data/b2c/9652/b589510/rialto-ocdm-9652/library/CMakeLists.txt from ingest queue
2025-08-22 05:08:59,979 - Knowledge - INFO - Found code-base-name: https://github.com/kavia-common/rialto-ocdm-9652.git:kavia-6.0.0-rc1
2025-08-22 05:08:59,979 - Knowledge - INFO - Found code_base: <app.utils.kg_build.knowledge.KnowledgeCodeBase object at 0x7fdac7626890>
2025-08-22 05:08:59,980 - Knowledge - INFO - persist ingested knowledge for /app/data/b2c/9652/b589510/rialto-ocdm-9652/library/include/OpenCDMSession.h
2025-08-22 05:08:59,980 - Knowledge - INFO - Found code-base-name: https://github.com/kavia-common/rialto-ocdm-9652.git:kavia-6.0.0-rc1
2025-08-22 05:08:59,980 - Knowledge - INFO - Found code_base: <app.utils.kg_build.knowledge.KnowledgeCodeBase object at 0x7fdac7626890>
2025-08-22 05:08:59,980 - Knowledge - INFO - persist ingested knowledge for /app/data/b2c/9652/b589510/rialto-ocdm-9652/library/include/OpenCDMSystemPrivate.h
2025-08-22 05:08:59,981 - Knowledge - INFO - worker kw23 pull /app/data/b2c/9652/b589510/rialto-ocdm-9652/library/source/ActiveSessions.cpp from ingest queue
2025-08-22 05:08:59,982 - Knowledge - INFO - worker kw24 pull /app/data/b2c/9652/b589510/rialto-ocdm-9652/library/source/open_cdm.cpp from ingest queue
2025-08-22 05:08:59,983 - Knowledge - INFO - worker kw25 pull /app/data/b2c/9652/b589510/rialto-ocdm-9652/library/source/open_cdm_adapter.cpp from ingest queue
2025-08-22 05:08:59,983 - Knowledge - INFO - Found code-base-name: https://github.com/kavia-common/rialto-ocdm-9652.git:kavia-6.0.0-rc1
2025-08-22 05:08:59,983 - Knowledge - INFO - Found code_base: <app.utils.kg_build.knowledge.KnowledgeCodeBase object at 0x7fdac7626890>
2025-08-22 05:08:59,983 - Knowledge - INFO - persist ingested knowledge for /app/data/b2c/9652/b589510/rialto-ocdm-9652/library/include/RialtoGStreamerEMEProtectionMetadata.h
2025-08-22 05:08:59,984 - Knowledge - INFO - Found code-base-name: https://github.com/kavia-common/rialto-ocdm-9652.git:kavia-6.0.0-rc1
2025-08-22 05:08:59,984 - Knowledge - INFO - Found code_base: <app.utils.kg_build.knowledge.KnowledgeCodeBase object at 0x7fdac7626890>
2025-08-22 05:08:59,984 - Knowledge - INFO - persist ingested knowledge for /app/data/b2c/9652/b589510/rialto-ocdm-9652/library/include/Logger.h
2025-08-22 05:08:59,985 - Knowledge - INFO - Found code-base-name: https://github.com/kavia-common/rialto-ocdm-9652.git:kavia-6.0.0-rc1
2025-08-22 05:08:59,985 - Knowledge - INFO - Found code_base: <app.utils.kg_build.knowledge.KnowledgeCodeBase object at 0x7fdac7626890>
2025-08-22 05:08:59,985 - Knowledge - INFO - persist ingested knowledge for /app/data/b2c/9652/b589510/rialto-ocdm-9652/library/include/MessageDispatcher.h
2025-08-22 05:08:59,986 - Knowledge - INFO - Found code-base-name: https://github.com/kavia-common/rialto-ocdm-9652.git:kavia-6.0.0-rc1
2025-08-22 05:08:59,986 - Knowledge - INFO - Found code_base: <app.utils.kg_build.knowledge.KnowledgeCodeBase object at 0x7fdac7626890>
2025-08-22 05:08:59,986 - Knowledge - INFO - persist ingested knowledge for /app/data/b2c/9652/b589510/rialto-ocdm-9652/library/include/CdmBackend.h
2025-08-22 05:09:00,012 - Knowledge - INFO - process ingested knowledge for /app/data/b2c/9652/b589510/rialto-ocdm-9652/library/CMakeLists.txt
2025-08-22 05:09:00,019 - Knowledge - INFO - process ingested knowledge for /app/data/b2c/9652/b589510/rialto-ocdm-9652/library/source/open_cdm.cpp
2025-08-22 05:09:00,020 - Knowledge - INFO - process ingested knowledge for /app/data/b2c/9652/b589510/rialto-ocdm-9652/library/source/open_cdm_adapter.cpp
2025-08-22 05:09:00,021 - Knowledge - INFO - process ingested knowledge for /app/data/b2c/9652/b589510/rialto-ocdm-9652/library/source/ActiveSessions.cpp
2025-08-22 05:09:00,021 - Knowledge - INFO - process ingested knowledge for /app/data/b2c/9652/b589510/rialto-ocdm-9652/library/include/ICdmBackend.h
2025-08-22 05:09:00,047 - Knowledge - INFO - adding /app/data/b2c/9652/b589510/rialto-ocdm-9652/docs/index.html to ingest queue
2025-08-22 05:09:00,248 - Knowledge - INFO - worker kw20 pull /app/data/b2c/9652/b589510/rialto-ocdm-9652/library/source/OpenCDMSessionPrivate.cpp from ingest queue
2025-08-22 05:09:00,248 - Knowledge - INFO - Found code-base-name: https://github.com/kavia-common/rialto-ocdm-9652.git:kavia-6.0.0-rc1
2025-08-22 05:09:00,248 - Knowledge - INFO - Found code_base: <app.utils.kg_build.knowledge.KnowledgeCodeBase object at 0x7fdac7626890>
2025-08-22 05:09:00,248 - Knowledge - INFO - persist ingested knowledge for /app/data/b2c/9652/b589510/rialto-ocdm-9652/library/include/OpenCDMSystem.h
2025-08-22 05:09:00,249 - Knowledge - INFO - Found code-base-name: https://github.com/kavia-common/rialto-ocdm-9652.git:kavia-6.0.0-rc1
2025-08-22 05:09:00,249 - Knowledge - INFO - Found code_base: <app.utils.kg_build.knowledge.KnowledgeCodeBase object at 0x7fdac7626890>
2025-08-22 05:09:00,249 - Knowledge - INFO - persist ingested knowledge for /app/data/b2c/9652/b589510/rialto-ocdm-9652/library/include/ActiveSessions.h
2025-08-22 05:09:00,250 - Knowledge - INFO - Found code-base-name: https://github.com/kavia-common/rialto-ocdm-9652.git:kavia-6.0.0-rc1
2025-08-22 05:09:00,250 - Knowledge - INFO - Found code_base: <app.utils.kg_build.knowledge.KnowledgeCodeBase object at 0x7fdac7626890>
2025-08-22 05:09:00,250 - Knowledge - INFO - persist ingested knowledge for /app/data/b2c/9652/b589510/rialto-ocdm-9652/library/include/IMessageDispatcher.h
2025-08-22 05:09:00,251 - Knowledge - INFO - Found code-base-name: https://github.com/kavia-common/rialto-ocdm-9652.git:kavia-6.0.0-rc1
2025-08-22 05:09:00,251 - Knowledge - INFO - Found code_base: <app.utils.kg_build.knowledge.KnowledgeCodeBase object at 0x7fdac7626890>
2025-08-22 05:09:00,251 - Knowledge - INFO - persist ingested knowledge for /app/data/b2c/9652/b589510/rialto-ocdm-9652/library/include/OpenCDMSessionPrivate.h
2025-08-22 05:09:00,251 - Knowledge - INFO - adding /app/data/b2c/9652/b589510/rialto-ocdm-9652/scripts/clang-format/process_clang-format_errors.py to ingest queue
2025-08-22 05:09:00,278 - Knowledge - INFO - process ingested knowledge for /app/data/b2c/9652/b589510/rialto-ocdm-9652/library/source/OpenCDMSessionPrivate.cpp
2025-08-22 05:09:00,645 - Knowledge - INFO - Found code-base-name: https://github.com/kavia-common/rialto-ocdm-9652.git:kavia-6.0.0-rc1
2025-08-22 05:09:00,645 - Knowledge - INFO - Found code_base: <app.utils.kg_build.knowledge.KnowledgeCodeBase object at 0x7fdac7626890>
2025-08-22 05:09:00,645 - Knowledge - INFO - persist ingested knowledge for /app/data/b2c/9652/b589510/rialto-ocdm-9652/library/CMakeLists.txt
2025-08-22 05:09:00,645 - Knowledge - INFO - Found code-base-name: https://github.com/kavia-common/rialto-ocdm-9652.git:kavia-6.0.0-rc1
2025-08-22 05:09:00,645 - Knowledge - INFO - Found code_base: <app.utils.kg_build.knowledge.KnowledgeCodeBase object at 0x7fdac7626890>
2025-08-22 05:09:00,645 - Knowledge - INFO - persist ingested knowledge for /app/data/b2c/9652/b589510/rialto-ocdm-9652/library/source/open_cdm.cpp
2025-08-22 05:09:00,645 - Knowledge - INFO - Found code-base-name: https://github.com/kavia-common/rialto-ocdm-9652.git:kavia-6.0.0-rc1
2025-08-22 05:09:00,646 - Knowledge - INFO - Found code_base: <app.utils.kg_build.knowledge.KnowledgeCodeBase object at 0x7fdac7626890>
2025-08-22 05:09:00,646 - Knowledge - INFO - persist ingested knowledge for /app/data/b2c/9652/b589510/rialto-ocdm-9652/library/source/open_cdm_adapter.cpp
2025-08-22 05:09:00,646 - Knowledge - INFO - Found code-base-name: https://github.com/kavia-common/rialto-ocdm-9652.git:kavia-6.0.0-rc1
2025-08-22 05:09:00,646 - Knowledge - INFO - Found code_base: <app.utils.kg_build.knowledge.KnowledgeCodeBase object at 0x7fdac7626890>
2025-08-22 05:09:00,646 - Knowledge - INFO - persist ingested knowledge for /app/data/b2c/9652/b589510/rialto-ocdm-9652/library/source/ActiveSessions.cpp
2025-08-22 05:09:00,646 - Knowledge - INFO - Found code-base-name: https://github.com/kavia-common/rialto-ocdm-9652.git:kavia-6.0.0-rc1
2025-08-22 05:09:00,646 - Knowledge - INFO - Found code_base: <app.utils.kg_build.knowledge.KnowledgeCodeBase object at 0x7fdac7626890>
2025-08-22 05:09:00,646 - Knowledge - INFO - persist ingested knowledge for /app/data/b2c/9652/b589510/rialto-ocdm-9652/library/include/ICdmBackend.h
2025-08-22 05:09:00,647 - Knowledge - INFO - adding /app/data/b2c/9652/b589510/rialto-ocdm-9652/TERMS.md to ingest queue
2025-08-22 05:09:00,647 - Knowledge - INFO - worker kw6 pull /app/data/b2c/9652/b589510/rialto-ocdm-9652/library/source/open_cdm_ext.cpp from ingest queue
2025-08-22 05:09:00,648 - Knowledge - INFO - adding /app/data/b2c/9652/b589510/rialto-ocdm-9652/scripts/cpplint/cpplint.py to ingest queue
2025-08-22 05:09:00,649 - Knowledge - INFO - adding /app/data/b2c/9652/b589510/rialto-ocdm-9652/cmake/FindRialto.cmake to ingest queue
2025-08-22 05:09:00,649 - Knowledge - INFO - adding /app/data/b2c/9652/b589510/rialto-ocdm-9652/CMakeLists.txt to ingest queue
2025-08-22 05:09:00,675 - Knowledge - INFO - process ingested knowledge for /app/data/b2c/9652/b589510/rialto-ocdm-9652/library/source/open_cdm_ext.cpp
2025-08-22 05:09:00,846 - Knowledge - INFO - worker kw2 pull /app/data/b2c/9652/b589510/rialto-ocdm-9652/library/source/Logger.cpp from ingest queue
2025-08-22 05:09:00,846 - Knowledge - INFO - Found code-base-name: https://github.com/kavia-common/rialto-ocdm-9652.git:kavia-6.0.0-rc1
2025-08-22 05:09:00,847 - Knowledge - INFO - Found code_base: <app.utils.kg_build.knowledge.KnowledgeCodeBase object at 0x7fdac7626890>
2025-08-22 05:09:00,847 - Knowledge - INFO - persist ingested knowledge for /app/data/b2c/9652/b589510/rialto-ocdm-9652/library/source/OpenCDMSessionPrivate.cpp
2025-08-22 05:09:00,847 - Knowledge - INFO - adding /app/data/b2c/9652/b589510/rialto-ocdm-9652/scripts/valgrind/process_valgrind_results.py to ingest queue
2025-08-22 05:09:00,848 - Knowledge - INFO - adding /app/data/b2c/9652/b589510/rialto-ocdm-9652/library/include/OpenCDMSession.h to ingest queue
2025-08-22 05:09:00,848 - Knowledge - INFO - adding /app/data/b2c/9652/b589510/rialto-ocdm-9652/library/include/OpenCDMSystemPrivate.h to ingest queue
2025-08-22 05:09:00,848 - Knowledge - INFO - adding /app/data/b2c/9652/b589510/rialto-ocdm-9652/library/include/RialtoGStreamerEMEProtectionMetadata.h to ingest queue
2025-08-22 05:09:00,849 - Knowledge - INFO - adding /app/data/b2c/9652/b589510/rialto-ocdm-9652/library/include/Logger.h to ingest queue
2025-08-22 05:09:00,849 - Knowledge - INFO - adding /app/data/b2c/9652/b589510/rialto-ocdm-9652/library/include/MessageDispatcher.h to ingest queue
2025-08-22 05:09:00,877 - Knowledge - INFO - process ingested knowledge for /app/data/b2c/9652/b589510/rialto-ocdm-9652/library/source/Logger.cpp
2025-08-22 05:09:00,910 - Knowledge - INFO - adding /app/data/b2c/9652/b589510/rialto-ocdm-9652/library/include/CdmBackend.h to ingest queue
2025-08-22 05:09:01,112 - Knowledge - INFO - adding /app/data/b2c/9652/b589510/rialto-ocdm-9652/cmake/googletest.cmake to ingest queue
2025-08-22 05:09:01,113 - Knowledge - INFO - worker kw8 pull /app/data/b2c/9652/b589510/rialto-ocdm-9652/library/source/RialtoGStreamerEMEProtectionMetadata.cpp from ingest queue
2025-08-22 05:09:01,114 - Knowledge - INFO - worker kw1 pull /app/data/b2c/9652/b589510/rialto-ocdm-9652/library/source/CdmBackend.cpp from ingest queue
2025-08-22 05:09:01,115 - Knowledge - INFO - worker kw10 pull /app/data/b2c/9652/b589510/rialto-ocdm-9652/library/source/MessageDispatcher.cpp from ingest queue
2025-08-22 05:09:01,117 - Knowledge - INFO - adding /app/data/b2c/9652/b589510/rialto-ocdm-9652/library/include/OpenCDMSystem.h to ingest queue
2025-08-22 05:09:01,118 - Knowledge - INFO - adding /app/data/b2c/9652/b589510/rialto-ocdm-9652/library/include/IMessageDispatcher.h to ingest queue
2025-08-22 05:09:01,118 - Knowledge - INFO - adding /app/data/b2c/9652/b589510/rialto-ocdm-9652/library/include/MediaKeysCapabilitiesBackend.h to ingest queue
2025-08-22 05:09:01,118 - Knowledge - INFO - adding /app/data/b2c/9652/b589510/rialto-ocdm-9652/library/include/OpenCDMSessionPrivate.h to ingest queue
2025-08-22 05:09:01,149 - Knowledge - INFO - process ingested knowledge for /app/data/b2c/9652/b589510/rialto-ocdm-9652/library/source/MessageDispatcher.cpp
2025-08-22 05:09:01,149 - Knowledge - INFO - process ingested knowledge for /app/data/b2c/9652/b589510/rialto-ocdm-9652/library/source/CdmBackend.cpp
2025-08-22 05:09:01,150 - Knowledge - INFO - process ingested knowledge for /app/data/b2c/9652/b589510/rialto-ocdm-9652/library/source/RialtoGStreamerEMEProtectionMetadata.cpp
2025-08-22 05:09:01,174 - Knowledge - INFO - worker kw7 pull /app/data/b2c/9652/b589510/rialto-ocdm-9652/library/source/OpenCDMSystemPrivate.cpp from ingest queue
2025-08-22 05:09:01,175 - Knowledge - INFO - worker kw4 pull /app/data/b2c/9652/b589510/rialto-ocdm-9652/library/source/MediaKeysCapabilitiesBackend.cpp from ingest queue
2025-08-22 05:09:01,176 - Knowledge - INFO - worker kw14 pull /app/data/b2c/9652/b589510/rialto-ocdm-9652/cppcheck_suppressions.xml from ingest queue
2025-08-22 05:09:01,177 - Knowledge - INFO - worker kw12 pull /app/data/b2c/9652/b589510/rialto-ocdm-9652/README.md from ingest queue
2025-08-22 05:09:01,178 - Knowledge - INFO - adding /app/data/b2c/9652/b589510/rialto-ocdm-9652/library/CMakeLists.txt to ingest queue
2025-08-22 05:09:01,179 - Knowledge - INFO - adding /app/data/b2c/9652/b589510/rialto-ocdm-9652/library/source/open_cdm.cpp to ingest queue
2025-08-22 05:09:01,179 - Knowledge - INFO - adding /app/data/b2c/9652/b589510/rialto-ocdm-9652/library/source/open_cdm_adapter.cpp to ingest queue
2025-08-22 05:09:01,180 - Knowledge - INFO - adding /app/data/b2c/9652/b589510/rialto-ocdm-9652/library/source/ActiveSessions.cpp to ingest queue
2025-08-22 05:09:01,180 - Knowledge - INFO - adding /app/data/b2c/9652/b589510/rialto-ocdm-9652/library/include/ICdmBackend.h to ingest queue
2025-08-22 05:09:01,181 - Knowledge - INFO - worker kw5 pull /app/data/b2c/9652/b589510/rialto-ocdm-9652/tests/third-party/CMakeLists.txt from ingest queue
2025-08-22 05:09:01,182 - Knowledge - INFO - worker kw3 pull /app/data/b2c/9652/b589510/rialto-ocdm-9652/tests/third-party/source/ControlFactory.cpp from ingest queue
2025-08-22 05:09:01,183 - Knowledge - INFO - adding /app/data/b2c/9652/b589510/rialto-ocdm-9652/library/include/ActiveSessions.h to ingest queue
2025-08-22 05:09:01,190 - Knowledge - INFO - worker kw19 pull /app/data/b2c/9652/b589510/rialto-ocdm-9652/tests/third-party/source/MediaKeysFactory.cpp from ingest queue
2025-08-22 05:09:01,190 - Knowledge - INFO - worker kw18 pull /app/data/b2c/9652/b589510/rialto-ocdm-9652/tests/third-party/source/OcdmSessionsCallbacks.cpp from ingest queue
2025-08-22 05:09:01,191 - Knowledge - INFO - Found code-base-name: https://github.com/kavia-common/rialto-ocdm-9652.git:kavia-6.0.0-rc1
2025-08-22 05:09:01,191 - Knowledge - INFO - Found code_base: <app.utils.kg_build.knowledge.KnowledgeCodeBase object at 0x7fdac7626890>
2025-08-22 05:09:01,191 - Knowledge - INFO - persist ingested knowledge for /app/data/b2c/9652/b589510/rialto-ocdm-9652/library/source/MessageDispatcher.cpp
2025-08-22 05:09:01,193 - Knowledge - INFO - Found code-base-name: https://github.com/kavia-common/rialto-ocdm-9652.git:kavia-6.0.0-rc1
2025-08-22 05:09:01,193 - Knowledge - INFO - Found code_base: <app.utils.kg_build.knowledge.KnowledgeCodeBase object at 0x7fdac7626890>
2025-08-22 05:09:01,193 - Knowledge - INFO - persist ingested knowledge for /app/data/b2c/9652/b589510/rialto-ocdm-9652/library/source/RialtoGStreamerEMEProtectionMetadata.cpp
2025-08-22 05:09:01,196 - Knowledge - INFO - worker kw11 pull /app/data/b2c/9652/b589510/rialto-ocdm-9652/tests/third-party/source/MediaKeysCapabilitiesFactory.cpp from ingest queue
2025-08-22 05:09:01,199 - Knowledge - INFO - adding /app/data/b2c/9652/b589510/rialto-ocdm-9652/library/source/OpenCDMSessionPrivate.cpp to ingest queue
2025-08-22 05:09:01,199 - Knowledge - INFO - Found code-base-name: https://github.com/kavia-common/rialto-ocdm-9652.git:kavia-6.0.0-rc1
2025-08-22 05:09:01,199 - Knowledge - INFO - Found code_base: <app.utils.kg_build.knowledge.KnowledgeCodeBase object at 0x7fdac7626890>
2025-08-22 05:09:01,199 - Knowledge - INFO - persist ingested knowledge for /app/data/b2c/9652/b589510/rialto-ocdm-9652/library/source/Logger.cpp
2025-08-22 05:09:01,200 - Knowledge - INFO - worker kw13 pull /app/data/b2c/9652/b589510/rialto-ocdm-9652/tests/ut/CdmBackendTests.cpp from ingest queue
2025-08-22 05:09:01,201 - Knowledge - INFO - worker kw24 pull /app/data/b2c/9652/b589510/rialto-ocdm-9652/tests/ut/MessageDispatcherTests.cpp from ingest queue
2025-08-22 05:09:01,203 - Knowledge - INFO - Found code-base-name: https://github.com/kavia-common/rialto-ocdm-9652.git:kavia-6.0.0-rc1
2025-08-22 05:09:01,203 - Knowledge - INFO - Found code_base: <app.utils.kg_build.knowledge.KnowledgeCodeBase object at 0x7fdac7626890>
2025-08-22 05:09:01,203 - Knowledge - INFO - persist ingested knowledge for /app/data/b2c/9652/b589510/rialto-ocdm-9652/library/source/open_cdm_ext.cpp
2025-08-22 05:09:01,204 - Knowledge - INFO - worker kw16 pull /app/data/b2c/9652/b589510/rialto-ocdm-9652/tests/ut/LoggerTests.cpp from ingest queue
2025-08-22 05:09:01,207 - Knowledge - INFO - process ingested knowledge for /app/data/b2c/9652/b589510/rialto-ocdm-9652/README.md
2025-08-22 05:09:01,207 - Knowledge - INFO - worker kw17 pull /app/data/b2c/9652/b589510/rialto-ocdm-9652/tests/ut/MediaKeysCapabilitiesBackendTests.cpp from ingest queue
2025-08-22 05:09:01,209 - Knowledge - INFO - process ingested knowledge for /app/data/b2c/9652/b589510/rialto-ocdm-9652/cppcheck_suppressions.xml
2025-08-22 05:09:01,210 - Knowledge - INFO - worker kw9 pull /app/data/b2c/9652/b589510/rialto-ocdm-9652/tests/ut/OpenCdmTests.cpp from ingest queue
2025-08-22 05:09:01,277 - Knowledge - INFO - process ingested knowledge for /app/data/b2c/9652/b589510/rialto-ocdm-9652/library/source/MediaKeysCapabilitiesBackend.cpp
2025-08-22 05:09:01,284 - Knowledge - INFO - process ingested knowledge for /app/data/b2c/9652/b589510/rialto-ocdm-9652/tests/third-party/CMakeLists.txt
2025-08-22 05:09:01,293 - Knowledge - INFO - process ingested knowledge for /app/data/b2c/9652/b589510/rialto-ocdm-9652/library/source/OpenCDMSystemPrivate.cpp
2025-08-22 05:09:01,295 - Knowledge - INFO - process ingested knowledge for /app/data/b2c/9652/b589510/rialto-ocdm-9652/tests/third-party/source/MediaKeysCapabilitiesFactory.cpp
2025-08-22 05:09:01,296 - Knowledge - INFO - process ingested knowledge for /app/data/b2c/9652/b589510/rialto-ocdm-9652/tests/third-party/source/ControlFactory.cpp
2025-08-22 05:09:01,297 - Knowledge - INFO - process ingested knowledge for /app/data/b2c/9652/b589510/rialto-ocdm-9652/tests/third-party/source/OcdmSessionsCallbacks.cpp
2025-08-22 05:09:01,299 - Knowledge - INFO - process ingested knowledge for /app/data/b2c/9652/b589510/rialto-ocdm-9652/tests/third-party/source/MediaKeysFactory.cpp
2025-08-22 05:09:01,363 - Knowledge - INFO - process ingested knowledge for /app/data/b2c/9652/b589510/rialto-ocdm-9652/tests/ut/CdmBackendTests.cpp
2025-08-22 05:09:01,368 - Knowledge - INFO - process ingested knowledge for /app/data/b2c/9652/b589510/rialto-ocdm-9652/tests/ut/MessageDispatcherTests.cpp
2025-08-22 05:09:01,368 - Knowledge - INFO - process ingested knowledge for /app/data/b2c/9652/b589510/rialto-ocdm-9652/tests/ut/MediaKeysCapabilitiesBackendTests.cpp
2025-08-22 05:09:01,368 - Knowledge - INFO - process ingested knowledge for /app/data/b2c/9652/b589510/rialto-ocdm-9652/tests/ut/OpenCdmTests.cpp
2025-08-22 05:09:01,369 - Knowledge - INFO - process ingested knowledge for /app/data/b2c/9652/b589510/rialto-ocdm-9652/tests/ut/LoggerTests.cpp
2025-08-22 05:09:01,386 - Knowledge - INFO - worker kw15 pull /app/data/b2c/9652/b589510/rialto-ocdm-9652/tests/ut/OpenCdmSessionTests.cpp from ingest queue
2025-08-22 05:09:01,412 - Knowledge - INFO - process ingested knowledge for /app/data/b2c/9652/b589510/rialto-ocdm-9652/tests/ut/OpenCdmSessionTests.cpp
2025-08-22 05:09:01,454 - Knowledge - INFO - worker kw22 pull /app/data/b2c/9652/b589510/rialto-ocdm-9652/tests/ut/CMakeLists.txt from ingest queue
2025-08-22 05:09:01,483 - Knowledge - INFO - process ingested knowledge for /app/data/b2c/9652/b589510/rialto-ocdm-9652/tests/ut/CMakeLists.txt
2025-08-22 05:09:01,516 - Knowledge - INFO - worker kw21 pull /app/data/b2c/9652/b589510/rialto-ocdm-9652/tests/ut/OpenCdmAdapterTests.cpp from ingest queue
2025-08-22 05:09:01,517 - Knowledge - INFO - Found code-base-name: https://github.com/kavia-common/rialto-ocdm-9652.git:kavia-6.0.0-rc1
2025-08-22 05:09:01,517 - Knowledge - INFO - Found code_base: <app.utils.kg_build.knowledge.KnowledgeCodeBase object at 0x7fdac7626890>
2025-08-22 05:09:01,517 - Knowledge - INFO - persist ingested knowledge for /app/data/b2c/9652/b589510/rialto-ocdm-9652/library/source/CdmBackend.cpp
2025-08-22 05:09:01,542 - Knowledge - INFO - process ingested knowledge for /app/data/b2c/9652/b589510/rialto-ocdm-9652/tests/ut/OpenCdmAdapterTests.cpp
2025-08-22 05:09:01,573 - Knowledge - INFO - adding /app/data/b2c/9652/b589510/rialto-ocdm-9652/library/source/RialtoGStreamerEMEProtectionMetadata.cpp to ingest queue
2025-08-22 05:09:01,573 - Knowledge - INFO - Found code-base-name: https://github.com/kavia-common/rialto-ocdm-9652.git:kavia-6.0.0-rc1
2025-08-22 05:09:01,573 - Knowledge - INFO - Found code_base: <app.utils.kg_build.knowledge.KnowledgeCodeBase object at 0x7fdac7626890>
2025-08-22 05:09:01,574 - Knowledge - INFO - persist ingested knowledge for /app/data/b2c/9652/b589510/rialto-ocdm-9652/cppcheck_suppressions.xml
2025-08-22 05:09:01,574 - Knowledge - INFO - Found code-base-name: https://github.com/kavia-common/rialto-ocdm-9652.git:kavia-6.0.0-rc1
2025-08-22 05:09:01,574 - Knowledge - INFO - Found code_base: <app.utils.kg_build.knowledge.KnowledgeCodeBase object at 0x7fdac7626890>
2025-08-22 05:09:01,574 - Knowledge - INFO - persist ingested knowledge for /app/data/b2c/9652/b589510/rialto-ocdm-9652/tests/third-party/CMakeLists.txt
2025-08-22 05:09:01,574 - Knowledge - INFO - Found code-base-name: https://github.com/kavia-common/rialto-ocdm-9652.git:kavia-6.0.0-rc1
2025-08-22 05:09:01,574 - Knowledge - INFO - Found code_base: <app.utils.kg_build.knowledge.KnowledgeCodeBase object at 0x7fdac7626890>
2025-08-22 05:09:01,574 - Knowledge - INFO - persist ingested knowledge for /app/data/b2c/9652/b589510/rialto-ocdm-9652/library/source/OpenCDMSystemPrivate.cpp
2025-08-22 05:09:01,576 - Knowledge - INFO - Found code-base-name: https://github.com/kavia-common/rialto-ocdm-9652.git:kavia-6.0.0-rc1
2025-08-22 05:09:01,576 - Knowledge - INFO - Found code_base: <app.utils.kg_build.knowledge.KnowledgeCodeBase object at 0x7fdac7626890>
2025-08-22 05:09:01,576 - Knowledge - INFO - persist ingested knowledge for /app/data/b2c/9652/b589510/rialto-ocdm-9652/tests/third-party/source/MediaKeysCapabilitiesFactory.cpp
2025-08-22 05:09:01,576 - Knowledge - INFO - Found code-base-name: https://github.com/kavia-common/rialto-ocdm-9652.git:kavia-6.0.0-rc1
2025-08-22 05:09:01,576 - Knowledge - INFO - Found code_base: <app.utils.kg_build.knowledge.KnowledgeCodeBase object at 0x7fdac7626890>
2025-08-22 05:09:01,576 - Knowledge - INFO - persist ingested knowledge for /app/data/b2c/9652/b589510/rialto-ocdm-9652/tests/third-party/source/ControlFactory.cpp
2025-08-22 05:09:01,578 - Knowledge - INFO - Found code-base-name: https://github.com/kavia-common/rialto-ocdm-9652.git:kavia-6.0.0-rc1
2025-08-22 05:09:01,578 - Knowledge - INFO - Found code_base: <app.utils.kg_build.knowledge.KnowledgeCodeBase object at 0x7fdac7626890>
2025-08-22 05:09:01,578 - Knowledge - INFO - persist ingested knowledge for /app/data/b2c/9652/b589510/rialto-ocdm-9652/tests/third-party/source/OcdmSessionsCallbacks.cpp
2025-08-22 05:09:01,578 - Knowledge - INFO - Found code-base-name: https://github.com/kavia-common/rialto-ocdm-9652.git:kavia-6.0.0-rc1
2025-08-22 05:09:01,578 - Knowledge - INFO - Found code_base: <app.utils.kg_build.knowledge.KnowledgeCodeBase object at 0x7fdac7626890>
2025-08-22 05:09:01,578 - Knowledge - INFO - persist ingested knowledge for /app/data/b2c/9652/b589510/rialto-ocdm-9652/tests/third-party/source/MediaKeysFactory.cpp
2025-08-22 05:09:01,579 - Knowledge - INFO - Found code-base-name: https://github.com/kavia-common/rialto-ocdm-9652.git:kavia-6.0.0-rc1
2025-08-22 05:09:01,579 - Knowledge - INFO - Found code_base: <app.utils.kg_build.knowledge.KnowledgeCodeBase object at 0x7fdac7626890>
2025-08-22 05:09:01,579 - Knowledge - INFO - persist ingested knowledge for /app/data/b2c/9652/b589510/rialto-ocdm-9652/tests/ut/CdmBackendTests.cpp
2025-08-22 05:09:01,579 - Knowledge - INFO - Found code-base-name: https://github.com/kavia-common/rialto-ocdm-9652.git:kavia-6.0.0-rc1
2025-08-22 05:09:01,579 - Knowledge - INFO - Found code_base: <app.utils.kg_build.knowledge.KnowledgeCodeBase object at 0x7fdac7626890>
2025-08-22 05:09:01,579 - Knowledge - INFO - persist ingested knowledge for /app/data/b2c/9652/b589510/rialto-ocdm-9652/tests/ut/MediaKeysCapabilitiesBackendTests.cpp
2025-08-22 05:09:01,579 - Knowledge - INFO - Found code-base-name: https://github.com/kavia-common/rialto-ocdm-9652.git:kavia-6.0.0-rc1
2025-08-22 05:09:01,580 - Knowledge - INFO - Found code_base: <app.utils.kg_build.knowledge.KnowledgeCodeBase object at 0x7fdac7626890>
2025-08-22 05:09:01,580 - Knowledge - INFO - persist ingested knowledge for /app/data/b2c/9652/b589510/rialto-ocdm-9652/tests/ut/MessageDispatcherTests.cpp
2025-08-22 05:09:01,580 - Knowledge - INFO - Found code-base-name: https://github.com/kavia-common/rialto-ocdm-9652.git:kavia-6.0.0-rc1
2025-08-22 05:09:01,580 - Knowledge - INFO - Found code_base: <app.utils.kg_build.knowledge.KnowledgeCodeBase object at 0x7fdac7626890>
2025-08-22 05:09:01,580 - Knowledge - INFO - persist ingested knowledge for /app/data/b2c/9652/b589510/rialto-ocdm-9652/tests/ut/OpenCdmTests.cpp
2025-08-22 05:09:01,580 - Knowledge - INFO - Found code-base-name: https://github.com/kavia-common/rialto-ocdm-9652.git:kavia-6.0.0-rc1
2025-08-22 05:09:01,580 - Knowledge - INFO - Found code_base: <app.utils.kg_build.knowledge.KnowledgeCodeBase object at 0x7fdac7626890>
2025-08-22 05:09:01,581 - Knowledge - INFO - persist ingested knowledge for /app/data/b2c/9652/b589510/rialto-ocdm-9652/tests/ut/LoggerTests.cpp
2025-08-22 05:09:01,581 - Knowledge - INFO - worker kw20 pull /app/data/b2c/9652/b589510/rialto-ocdm-9652/tests/ut/OpenCdmExtTests.cpp from ingest queue
2025-08-22 05:09:01,581 - Knowledge - INFO - adding /app/data/b2c/9652/b589510/rialto-ocdm-9652/library/source/MessageDispatcher.cpp to ingest queue
2025-08-22 05:09:01,582 - Knowledge - INFO - worker kw25 pull /app/data/b2c/9652/b589510/rialto-ocdm-9652/tests/ut/ActiveSessionsTests.cpp from ingest queue
2025-08-22 05:09:01,583 - Knowledge - INFO - Found code-base-name: https://github.com/kavia-common/rialto-ocdm-9652.git:kavia-6.0.0-rc1
2025-08-22 05:09:01,583 - Knowledge - INFO - Found code_base: <app.utils.kg_build.knowledge.KnowledgeCodeBase object at 0x7fdac7626890>
2025-08-22 05:09:01,583 - Knowledge - INFO - persist ingested knowledge for /app/data/b2c/9652/b589510/rialto-ocdm-9652/tests/ut/CMakeLists.txt
2025-08-22 05:09:01,584 - Knowledge - INFO - adding /app/data/b2c/9652/b589510/rialto-ocdm-9652/library/source/open_cdm_ext.cpp to ingest queue
2025-08-22 05:09:01,614 - Knowledge - INFO - process ingested knowledge for /app/data/b2c/9652/b589510/rialto-ocdm-9652/tests/ut/ActiveSessionsTests.cpp
2025-08-22 05:09:01,614 - Knowledge - INFO - process ingested knowledge for /app/data/b2c/9652/b589510/rialto-ocdm-9652/tests/ut/OpenCdmExtTests.cpp
2025-08-22 05:09:01,643 - Knowledge - INFO - Found code-base-name: https://github.com/kavia-common/rialto-ocdm-9652.git:kavia-6.0.0-rc1
2025-08-22 05:09:01,643 - Knowledge - INFO - Found code_base: <app.utils.kg_build.knowledge.KnowledgeCodeBase object at 0x7fdac7626890>
2025-08-22 05:09:01,643 - Knowledge - INFO - persist ingested knowledge for /app/data/b2c/9652/b589510/rialto-ocdm-9652/README.md
2025-08-22 05:09:01,644 - Knowledge - INFO - worker kw8 pull /app/data/b2c/9652/b589510/rialto-ocdm-9652/tests/ut/OpenCdmSystemTests.cpp from ingest queue
2025-08-22 05:09:01,644 - Knowledge - INFO - Found code-base-name: https://github.com/kavia-common/rialto-ocdm-9652.git:kavia-6.0.0-rc1
2025-08-22 05:09:01,645 - Knowledge - INFO - Found code_base: <app.utils.kg_build.knowledge.KnowledgeCodeBase object at 0x7fdac7626890>
2025-08-22 05:09:01,645 - Knowledge - INFO - persist ingested knowledge for /app/data/b2c/9652/b589510/rialto-ocdm-9652/library/source/MediaKeysCapabilitiesBackend.cpp
2025-08-22 05:09:01,670 - Knowledge - INFO - process ingested knowledge for /app/data/b2c/9652/b589510/rialto-ocdm-9652/tests/ut/OpenCdmSystemTests.cpp
2025-08-22 05:09:02,221 - Knowledge - INFO - Found code-base-name: https://github.com/kavia-common/rialto-ocdm-9652.git:kavia-6.0.0-rc1
2025-08-22 05:09:02,221 - Knowledge - INFO - Found code_base: <app.utils.kg_build.knowledge.KnowledgeCodeBase object at 0x7fdac7626890>
2025-08-22 05:09:02,221 - Knowledge - INFO - persist ingested knowledge for /app/data/b2c/9652/b589510/rialto-ocdm-9652/tests/ut/OpenCdmSessionTests.cpp
2025-08-22 05:09:02,222 - Knowledge - INFO - worker kw10 pull /app/data/b2c/9652/b589510/rialto-ocdm-9652/tests/mocks/MediaKeysMock.h from ingest queue
2025-08-22 05:09:02,222 - Knowledge - INFO - adding /app/data/b2c/9652/b589510/rialto-ocdm-9652/library/source/Logger.cpp to ingest queue
2025-08-22 05:09:02,224 - Knowledge - INFO - worker kw23 pull /app/data/b2c/9652/b589510/rialto-ocdm-9652/tests/mocks/MessageDispatcherMock.h from ingest queue
2025-08-22 05:09:02,224 - Knowledge - INFO - worker kw6 pull /app/data/b2c/9652/b589510/rialto-ocdm-9652/tests/mocks/CdmBackendMock.h from ingest queue
2025-08-22 05:09:02,225 - Knowledge - INFO - Found code-base-name: https://github.com/kavia-common/rialto-ocdm-9652.git:kavia-6.0.0-rc1
2025-08-22 05:09:02,225 - Knowledge - INFO - Found code_base: <app.utils.kg_build.knowledge.KnowledgeCodeBase object at 0x7fdac7626890>
2025-08-22 05:09:02,225 - Knowledge - INFO - persist ingested knowledge for /app/data/b2c/9652/b589510/rialto-ocdm-9652/tests/ut/OpenCdmAdapterTests.cpp
2025-08-22 05:09:02,226 - Knowledge - INFO - Found code-base-name: https://github.com/kavia-common/rialto-ocdm-9652.git:kavia-6.0.0-rc1
2025-08-22 05:09:02,226 - Knowledge - INFO - Found code_base: <app.utils.kg_build.knowledge.KnowledgeCodeBase object at 0x7fdac7626890>
2025-08-22 05:09:02,226 - Knowledge - INFO - persist ingested knowledge for /app/data/b2c/9652/b589510/rialto-ocdm-9652/tests/ut/ActiveSessionsTests.cpp
2025-08-22 05:09:02,227 - Knowledge - INFO - Found code-base-name: https://github.com/kavia-common/rialto-ocdm-9652.git:kavia-6.0.0-rc1
2025-08-22 05:09:02,227 - Knowledge - INFO - Found code_base: <app.utils.kg_build.knowledge.KnowledgeCodeBase object at 0x7fdac7626890>
2025-08-22 05:09:02,227 - Knowledge - INFO - persist ingested knowledge for /app/data/b2c/9652/b589510/rialto-ocdm-9652/tests/ut/OpenCdmExtTests.cpp
2025-08-22 05:09:02,227 - Knowledge - INFO - adding /app/data/b2c/9652/b589510/rialto-ocdm-9652/library/source/CdmBackend.cpp to ingest queue
2025-08-22 05:09:02,251 - Knowledge - INFO - process ingested knowledge for /app/data/b2c/9652/b589510/rialto-ocdm-9652/tests/mocks/MediaKeysMock.h
2025-08-22 05:09:02,257 - Knowledge - INFO - process ingested knowledge for /app/data/b2c/9652/b589510/rialto-ocdm-9652/tests/mocks/CdmBackendMock.h
2025-08-22 05:09:02,258 - Knowledge - INFO - process ingested knowledge for /app/data/b2c/9652/b589510/rialto-ocdm-9652/tests/mocks/MessageDispatcherMock.h
2025-08-22 05:09:02,295 - Knowledge - INFO - Found code-base-name: https://github.com/kavia-common/rialto-ocdm-9652.git:kavia-6.0.0-rc1
2025-08-22 05:09:02,295 - Knowledge - INFO - Found code_base: <app.utils.kg_build.knowledge.KnowledgeCodeBase object at 0x7fdac7626890>
2025-08-22 05:09:02,296 - Knowledge - INFO - persist ingested knowledge for /app/data/b2c/9652/b589510/rialto-ocdm-9652/tests/ut/OpenCdmSystemTests.cpp
2025-08-22 05:09:02,296 - Knowledge - INFO - adding /app/data/b2c/9652/b589510/rialto-ocdm-9652/cppcheck_suppressions.xml to ingest queue
2025-08-22 05:09:02,296 - Knowledge - INFO - adding /app/data/b2c/9652/b589510/rialto-ocdm-9652/tests/third-party/CMakeLists.txt to ingest queue
2025-08-22 05:09:02,296 - Knowledge - INFO - adding /app/data/b2c/9652/b589510/rialto-ocdm-9652/tests/third-party/source/MediaKeysCapabilitiesFactory.cpp to ingest queue
2025-08-22 05:09:02,296 - Knowledge - INFO - adding /app/data/b2c/9652/b589510/rialto-ocdm-9652/tests/third-party/source/OcdmSessionsCallbacks.cpp to ingest queue
2025-08-22 05:09:02,297 - Knowledge - INFO - adding /app/data/b2c/9652/b589510/rialto-ocdm-9652/tests/ut/CdmBackendTests.cpp to ingest queue
2025-08-22 05:09:02,297 - Knowledge - INFO - adding /app/data/b2c/9652/b589510/rialto-ocdm-9652/tests/ut/MessageDispatcherTests.cpp to ingest queue
2025-08-22 05:09:02,410 - Knowledge - INFO - worker kw2 pull /app/data/b2c/9652/b589510/rialto-ocdm-9652/tests/mocks/OcdmSessionsCallbacksMock.h from ingest queue
2025-08-22 05:09:02,438 - Knowledge - INFO - process ingested knowledge for /app/data/b2c/9652/b589510/rialto-ocdm-9652/tests/mocks/OcdmSessionsCallbacksMock.h
2025-08-22 05:09:02,620 - Knowledge - INFO - worker kw1 pull /app/data/b2c/9652/b589510/rialto-ocdm-9652/tests/mocks/OpenCDMSessionMock.h from ingest queue
2025-08-22 05:09:02,620 - Knowledge - INFO - Found code-base-name: https://github.com/kavia-common/rialto-ocdm-9652.git:kavia-6.0.0-rc1
2025-08-22 05:09:02,620 - Knowledge - INFO - Found code_base: <app.utils.kg_build.knowledge.KnowledgeCodeBase object at 0x7fdac7626890>
2025-08-22 05:09:02,620 - Knowledge - INFO - persist ingested knowledge for /app/data/b2c/9652/b589510/rialto-ocdm-9652/tests/mocks/MediaKeysMock.h
2025-08-22 05:09:02,621 - Knowledge - INFO - Found code-base-name: https://github.com/kavia-common/rialto-ocdm-9652.git:kavia-6.0.0-rc1
2025-08-22 05:09:02,621 - Knowledge - INFO - Found code_base: <app.utils.kg_build.knowledge.KnowledgeCodeBase object at 0x7fdac7626890>
2025-08-22 05:09:02,621 - Knowledge - INFO - persist ingested knowledge for /app/data/b2c/9652/b589510/rialto-ocdm-9652/tests/mocks/CdmBackendMock.h
2025-08-22 05:09:02,621 - Knowledge - INFO - Found code-base-name: https://github.com/kavia-common/rialto-ocdm-9652.git:kavia-6.0.0-rc1
2025-08-22 05:09:02,621 - Knowledge - INFO - Found code_base: <app.utils.kg_build.knowledge.KnowledgeCodeBase object at 0x7fdac7626890>
2025-08-22 05:09:02,621 - Knowledge - INFO - persist ingested knowledge for /app/data/b2c/9652/b589510/rialto-ocdm-9652/tests/mocks/MessageDispatcherMock.h
2025-08-22 05:09:02,652 - Knowledge - INFO - process ingested knowledge for /app/data/b2c/9652/b589510/rialto-ocdm-9652/tests/mocks/OpenCDMSessionMock.h
2025-08-22 05:09:02,683 - Knowledge - INFO - adding /app/data/b2c/9652/b589510/rialto-ocdm-9652/README.md to ingest queue
2025-08-22 05:09:02,684 - Knowledge - INFO - worker kw12 pull /app/data/b2c/9652/b589510/rialto-ocdm-9652/tests/mocks/MediaKeysCapabilitiesMock.h from ingest queue
2025-08-22 05:09:02,684 - Knowledge - INFO - worker kw14 pull /app/data/b2c/9652/b589510/rialto-ocdm-9652/tests/mocks/CMakeLists.txt from ingest queue
2025-08-22 05:09:02,685 - Knowledge - INFO - worker kw5 pull /app/data/b2c/9652/b589510/rialto-ocdm-9652/tests/mocks/ControlMock.h from ingest queue
2025-08-22 05:09:02,686 - Knowledge - INFO - worker kw11 pull /app/data/b2c/9652/b589510/rialto-ocdm-9652/tests/mocks/MessageDispatcherClientMock.h from ingest queue
2025-08-22 05:09:02,686 - Knowledge - INFO - adding /app/data/b2c/9652/b589510/rialto-ocdm-9652/tests/third-party/source/MediaKeysFactory.cpp to ingest queue
2025-08-22 05:09:02,688 - Knowledge - INFO - adding /app/data/b2c/9652/b589510/rialto-ocdm-9652/tests/ut/MediaKeysCapabilitiesBackendTests.cpp to ingest queue
2025-08-22 05:09:02,688 - Knowledge - INFO - worker kw13 pull /app/data/b2c/9652/b589510/rialto-ocdm-9652/tests/mocks/MediaKeysClientMock.h from ingest queue
2025-08-22 05:09:02,689 - Knowledge - INFO - adding /app/data/b2c/9652/b589510/rialto-ocdm-9652/tests/ut/LoggerTests.cpp to ingest queue
2025-08-22 05:09:02,691 - Knowledge - INFO - worker kw24 pull /app/data/b2c/9652/b589510/rialto-ocdm-9652/tests/mocks/OpenCDMSystemMock.h from ingest queue
2025-08-22 05:09:02,691 - Knowledge - INFO - adding /app/data/b2c/9652/b589510/rialto-ocdm-9652/tests/ut/CMakeLists.txt to ingest queue
2025-08-22 05:09:02,691 - Knowledge - INFO - worker kw22 pull /app/data/b2c/9652/b589510/rialto-ocdm-9652/CONTRIBUTING.md from ingest queue
2025-08-22 05:09:02,693 - Knowledge - INFO - Found code-base-name: https://github.com/kavia-common/rialto-ocdm-9652.git:kavia-6.0.0-rc1
2025-08-22 05:09:02,693 - Knowledge - INFO - Found code_base: <app.utils.kg_build.knowledge.KnowledgeCodeBase object at 0x7fdac7626890>
2025-08-22 05:09:02,693 - Knowledge - INFO - persist ingested knowledge for /app/data/b2c/9652/b589510/rialto-ocdm-9652/tests/mocks/OcdmSessionsCallbacksMock.h
2025-08-22 05:09:02,697 - Knowledge - INFO - adding /app/data/b2c/9652/b589510/rialto-ocdm-9652/tests/ut/OpenCdmExtTests.cpp to ingest queue
2025-08-22 05:09:02,697 - Knowledge - INFO - adding /app/data/b2c/9652/b589510/rialto-ocdm-9652/library/source/MediaKeysCapabilitiesBackend.cpp to ingest queue
2025-08-22 05:09:02,723 - Knowledge - INFO - process ingested knowledge for /app/data/b2c/9652/b589510/rialto-ocdm-9652/tests/mocks/CMakeLists.txt
2025-08-22 05:09:02,732 - Knowledge - INFO - process ingested knowledge for /app/data/b2c/9652/b589510/rialto-ocdm-9652/tests/mocks/MessageDispatcherClientMock.h
2025-08-22 05:09:02,736 - Knowledge - INFO - process ingested knowledge for /app/data/b2c/9652/b589510/rialto-ocdm-9652/tests/mocks/ControlMock.h
2025-08-22 05:09:02,764 - Knowledge - INFO - process ingested knowledge for /app/data/b2c/9652/b589510/rialto-ocdm-9652/CONTRIBUTING.md
2025-08-22 05:09:02,764 - Knowledge - INFO - process ingested knowledge for /app/data/b2c/9652/b589510/rialto-ocdm-9652/tests/mocks/MediaKeysCapabilitiesMock.h
2025-08-22 05:09:02,772 - Knowledge - INFO - process ingested knowledge for /app/data/b2c/9652/b589510/rialto-ocdm-9652/tests/mocks/MediaKeysClientMock.h
2025-08-22 05:09:02,772 - Knowledge - INFO - process ingested knowledge for /app/data/b2c/9652/b589510/rialto-ocdm-9652/tests/mocks/OpenCDMSystemMock.h
2025-08-22 05:09:02,782 - Knowledge - INFO - Found code-base-name: https://github.com/kavia-common/rialto-ocdm-9652.git:kavia-6.0.0-rc1
2025-08-22 05:09:02,783 - Knowledge - INFO - Found code_base: <app.utils.kg_build.knowledge.KnowledgeCodeBase object at 0x7fdac7626890>
2025-08-22 05:09:02,783 - Knowledge - INFO - persist ingested knowledge for /app/data/b2c/9652/b589510/rialto-ocdm-9652/tests/mocks/OpenCDMSessionMock.h
2025-08-22 05:09:02,837 - Knowledge - INFO - adding /app/data/b2c/9652/b589510/rialto-ocdm-9652/tests/third-party/source/ControlFactory.cpp to ingest queue
2025-08-22 05:09:02,837 - Knowledge - INFO - adding /app/data/b2c/9652/b589510/rialto-ocdm-9652/tests/ut/OpenCdmSystemTests.cpp to ingest queue
2025-08-22 05:09:02,837 - Knowledge - INFO - worker kw8 pull /app/data/b2c/9652/b589510/rialto-ocdm-9652/CHANGELOG.md from ingest queue
2025-08-22 05:09:02,838 - Knowledge - INFO - worker kw19 pull /app/data/b2c/9652/b589510/rialto-ocdm-9652/build_ut.py from ingest queue
2025-08-22 05:09:02,838 - Knowledge - INFO - worker kw16 pull /app/data/b2c/9652/b589510/rialto-ocdm-9652/docs/index.html from ingest queue
2025-08-22 05:09:02,838 - Knowledge - INFO - Thread kw16 - File index.html - Remaining files in queue: 44
2025-08-22 05:09:02,839 - Knowledge - INFO - start ingest for /app/data/b2c/9652/b589510/rialto-ocdm-9652/docs/index.html
2025-08-22 05:09:02,840 - Knowledge - INFO - adding /app/data/b2c/9652/b589510/rialto-ocdm-9652/tests/ut/OpenCdmSessionTests.cpp to ingest queue
2025-08-22 05:09:02,840 - Knowledge - INFO - adding /app/data/b2c/9652/b589510/rialto-ocdm-9652/tests/ut/OpenCdmAdapterTests.cpp to ingest queue
2025-08-22 05:09:02,875 - Knowledge - INFO - process ingested knowledge for /app/data/b2c/9652/b589510/rialto-ocdm-9652/CHANGELOG.md
2025-08-22 05:09:02,895 - Knowledge - INFO - process ingested knowledge for /app/data/b2c/9652/b589510/rialto-ocdm-9652/build_ut.py
2025-08-22 05:09:03,088 - Knowledge - INFO - worker kw4 pull /app/data/b2c/9652/b589510/rialto-ocdm-9652/scripts/clang-format/process_clang-format_errors.py from ingest queue
2025-08-22 05:09:03,088 - Knowledge - INFO - Thread kw4 - File process_clang-format_errors.py - Remaining files in queue: 45
2025-08-22 05:09:03,088 - Knowledge - INFO - start ingest for /app/data/b2c/9652/b589510/rialto-ocdm-9652/scripts/clang-format/process_clang-format_errors.py
2025-08-22 05:09:03,089 - Knowledge - INFO - Found code-base-name: https://github.com/kavia-common/rialto-ocdm-9652.git:kavia-6.0.0-rc1
2025-08-22 05:09:03,089 - Knowledge - INFO - Found code_base: <app.utils.kg_build.knowledge.KnowledgeCodeBase object at 0x7fdac7626890>
2025-08-22 05:09:03,089 - Knowledge - INFO - persist ingested knowledge for /app/data/b2c/9652/b589510/rialto-ocdm-9652/tests/mocks/CMakeLists.txt
2025-08-22 05:09:03,090 - Knowledge - INFO - Found code-base-name: https://github.com/kavia-common/rialto-ocdm-9652.git:kavia-6.0.0-rc1
2025-08-22 05:09:03,090 - Knowledge - INFO - Found code_base: <app.utils.kg_build.knowledge.KnowledgeCodeBase object at 0x7fdac7626890>
2025-08-22 05:09:03,090 - Knowledge - INFO - persist ingested knowledge for /app/data/b2c/9652/b589510/rialto-ocdm-9652/tests/mocks/MessageDispatcherClientMock.h
2025-08-22 05:09:03,090 - Knowledge - INFO - Found code-base-name: https://github.com/kavia-common/rialto-ocdm-9652.git:kavia-6.0.0-rc1
2025-08-22 05:09:03,090 - Knowledge - INFO - Found code_base: <app.utils.kg_build.knowledge.KnowledgeCodeBase object at 0x7fdac7626890>
2025-08-22 05:09:03,090 - Knowledge - INFO - persist ingested knowledge for /app/data/b2c/9652/b589510/rialto-ocdm-9652/tests/mocks/ControlMock.h
2025-08-22 05:09:03,091 - Knowledge - INFO - Found code-base-name: https://github.com/kavia-common/rialto-ocdm-9652.git:kavia-6.0.0-rc1
2025-08-22 05:09:03,091 - Knowledge - INFO - Found code_base: <app.utils.kg_build.knowledge.KnowledgeCodeBase object at 0x7fdac7626890>
2025-08-22 05:09:03,091 - Knowledge - INFO - persist ingested knowledge for /app/data/b2c/9652/b589510/rialto-ocdm-9652/CONTRIBUTING.md
2025-08-22 05:09:03,091 - Knowledge - INFO - Found code-base-name: https://github.com/kavia-common/rialto-ocdm-9652.git:kavia-6.0.0-rc1
2025-08-22 05:09:03,091 - Knowledge - INFO - Found code_base: <app.utils.kg_build.knowledge.KnowledgeCodeBase object at 0x7fdac7626890>
2025-08-22 05:09:03,091 - Knowledge - INFO - persist ingested knowledge for /app/data/b2c/9652/b589510/rialto-ocdm-9652/tests/mocks/MediaKeysCapabilitiesMock.h
2025-08-22 05:09:03,092 - Knowledge - INFO - Found code-base-name: https://github.com/kavia-common/rialto-ocdm-9652.git:kavia-6.0.0-rc1
2025-08-22 05:09:03,092 - Knowledge - INFO - Found code_base: <app.utils.kg_build.knowledge.KnowledgeCodeBase object at 0x7fdac7626890>
2025-08-22 05:09:03,092 - Knowledge - INFO - persist ingested knowledge for /app/data/b2c/9652/b589510/rialto-ocdm-9652/tests/mocks/MediaKeysClientMock.h
2025-08-22 05:09:03,093 - Knowledge - INFO - Found code-base-name: https://github.com/kavia-common/rialto-ocdm-9652.git:kavia-6.0.0-rc1
2025-08-22 05:09:03,093 - Knowledge - INFO - Found code_base: <app.utils.kg_build.knowledge.KnowledgeCodeBase object at 0x7fdac7626890>
2025-08-22 05:09:03,093 - Knowledge - INFO - persist ingested knowledge for /app/data/b2c/9652/b589510/rialto-ocdm-9652/tests/mocks/OpenCDMSystemMock.h
2025-08-22 05:09:03,099 - Knowledge - INFO - adding /app/data/b2c/9652/b589510/rialto-ocdm-9652/tests/mocks/CdmBackendMock.h to ingest queue
2025-08-22 05:09:03,100 - Knowledge - INFO - adding /app/data/b2c/9652/b589510/rialto-ocdm-9652/library/source/OpenCDMSystemPrivate.cpp to ingest queue
2025-08-22 05:09:03,101 - Knowledge - INFO - worker kw18 pull /app/data/b2c/9652/b589510/rialto-ocdm-9652/TERMS.md from ingest queue
2025-08-22 05:09:03,101 - Knowledge - INFO - Thread kw18 - File TERMS.md - Remaining files in queue: 46
2025-08-22 05:09:03,101 - Knowledge - INFO - start ingest for /app/data/b2c/9652/b589510/rialto-ocdm-9652/TERMS.md
2025-08-22 05:09:03,102 - Knowledge - INFO - worker kw17 pull /app/data/b2c/9652/b589510/rialto-ocdm-9652/scripts/cpplint/cpplint.py from ingest queue
2025-08-22 05:09:03,102 - Knowledge - INFO - Thread kw17 - File cpplint.py - Remaining files in queue: 45
2025-08-22 05:09:03,102 - Knowledge - INFO - start ingest for /app/data/b2c/9652/b589510/rialto-ocdm-9652/scripts/cpplint/cpplint.py
2025-08-22 05:09:03,102 - Knowledge - INFO - adding /app/data/b2c/9652/b589510/rialto-ocdm-9652/tests/ut/OpenCdmTests.cpp to ingest queue
2025-08-22 05:09:03,103 - Knowledge - INFO - adding /app/data/b2c/9652/b589510/rialto-ocdm-9652/tests/ut/ActiveSessionsTests.cpp to ingest queue
2025-08-22 05:09:03,103 - Knowledge - INFO - worker kw25 pull /app/data/b2c/9652/b589510/rialto-ocdm-9652/cmake/FindRialto.cmake from ingest queue
2025-08-22 05:09:03,103 - Knowledge - INFO - Thread kw25 - File FindRialto.cmake - Remaining files in queue: 46
2025-08-22 05:09:03,103 - Knowledge - INFO - start ingest for /app/data/b2c/9652/b589510/rialto-ocdm-9652/cmake/FindRialto.cmake
2025-08-22 05:09:03,103 - Knowledge - INFO - worker kw20 pull /app/data/b2c/9652/b589510/rialto-ocdm-9652/CMakeLists.txt from ingest queue
2025-08-22 05:09:03,103 - Knowledge - INFO - Thread kw20 - File CMakeLists.txt - Remaining files in queue: 45
2025-08-22 05:09:03,104 - Knowledge - INFO - start ingest for /app/data/b2c/9652/b589510/rialto-ocdm-9652/CMakeLists.txt
2025-08-22 05:09:03,104 - Knowledge - INFO - Found code-base-name: https://github.com/kavia-common/rialto-ocdm-9652.git:kavia-6.0.0-rc1
2025-08-22 05:09:03,104 - Knowledge - INFO - Found code_base: <app.utils.kg_build.knowledge.KnowledgeCodeBase object at 0x7fdac7626890>
2025-08-22 05:09:03,105 - Knowledge - INFO - persist ingested knowledge for /app/data/b2c/9652/b589510/rialto-ocdm-9652/CHANGELOG.md
2025-08-22 05:09:03,105 - Knowledge - INFO - Found code-base-name: https://github.com/kavia-common/rialto-ocdm-9652.git:kavia-6.0.0-rc1
2025-08-22 05:09:03,105 - Knowledge - INFO - Found code_base: <app.utils.kg_build.knowledge.KnowledgeCodeBase object at 0x7fdac7626890>
2025-08-22 05:09:03,105 - Knowledge - INFO - persist ingested knowledge for /app/data/b2c/9652/b589510/rialto-ocdm-9652/build_ut.py
2025-08-22 05:09:03,108 - Knowledge - INFO - adding /app/data/b2c/9652/b589510/rialto-ocdm-9652/tests/mocks/OcdmSessionsCallbacksMock.h to ingest queue
2025-08-22 05:09:03,111 - Knowledge - INFO - adding /app/data/b2c/9652/b589510/rialto-ocdm-9652/tests/mocks/MediaKeysMock.h to ingest queue
2025-08-22 05:09:03,111 - Knowledge - INFO - worker kw10 pull /app/data/b2c/9652/b589510/rialto-ocdm-9652/scripts/valgrind/process_valgrind_results.py from ingest queue
2025-08-22 05:09:03,111 - Knowledge - INFO - Thread kw10 - File process_valgrind_results.py - Remaining files in queue: 46
2025-08-22 05:09:03,111 - Knowledge - INFO - start ingest for /app/data/b2c/9652/b589510/rialto-ocdm-9652/scripts/valgrind/process_valgrind_results.py
2025-08-22 05:09:03,113 - Knowledge - INFO - Fast-track processing for simple file: /app/data/b2c/9652/b589510/rialto-ocdm-9652/TERMS.md
2025-08-22 05:09:03,113 - Knowledge - INFO - done fast ingest for /app/data/b2c/9652/b589510/rialto-ocdm-9652/TERMS.md
2025-08-22 05:09:03,114 - Knowledge - INFO - process ingested knowledge for /app/data/b2c/9652/b589510/rialto-ocdm-9652/TERMS.md
2025-08-22 05:09:03,342 - Knowledge - INFO - Fast-track processing for simple file: /app/data/b2c/9652/b589510/rialto-ocdm-9652/CMakeLists.txt
2025-08-22 05:09:03,342 - Knowledge - INFO - done fast ingest for /app/data/b2c/9652/b589510/rialto-ocdm-9652/CMakeLists.txt
2025-08-22 05:09:03,342 - Knowledge - INFO - process ingested knowledge for /app/data/b2c/9652/b589510/rialto-ocdm-9652/CMakeLists.txt
2025-08-22 05:09:03,698 - Knowledge - INFO - worker kw3 pull /app/data/b2c/9652/b589510/rialto-ocdm-9652/library/include/OpenCDMSession.h from ingest queue
2025-08-22 05:09:03,698 - Knowledge - INFO - Thread kw3 - File OpenCDMSession.h - Remaining files in queue: 45
2025-08-22 05:09:03,699 - Knowledge - INFO - start ingest for /app/data/b2c/9652/b589510/rialto-ocdm-9652/library/include/OpenCDMSession.h
2025-08-22 05:09:03,699 - Knowledge - INFO - worker kw6 pull /app/data/b2c/9652/b589510/rialto-ocdm-9652/library/include/OpenCDMSystemPrivate.h from ingest queue
2025-08-22 05:09:03,699 - Knowledge - INFO - Thread kw6 - File OpenCDMSystemPrivate.h - Remaining files in queue: 44
2025-08-22 05:09:03,699 - Knowledge - INFO - start ingest for /app/data/b2c/9652/b589510/rialto-ocdm-9652/library/include/OpenCDMSystemPrivate.h
2025-08-22 05:09:03,699 - Knowledge - INFO - adding /app/data/b2c/9652/b589510/rialto-ocdm-9652/tests/mocks/OpenCDMSessionMock.h to ingest queue
2025-08-22 05:09:03,700 - Knowledge - INFO - worker kw7 pull /app/data/b2c/9652/b589510/rialto-ocdm-9652/library/include/RialtoGStreamerEMEProtectionMetadata.h from ingest queue
2025-08-22 05:09:03,700 - Knowledge - INFO - Thread kw7 - File RialtoGStreamerEMEProtectionMetadata.h - Remaining files in queue: 44
2025-08-22 05:09:03,700 - Knowledge - INFO - start ingest for /app/data/b2c/9652/b589510/rialto-ocdm-9652/library/include/RialtoGStreamerEMEProtectionMetadata.h
2025-08-22 05:09:03,700 - Knowledge - INFO - worker kw21 pull /app/data/b2c/9652/b589510/rialto-ocdm-9652/library/include/Logger.h from ingest queue
2025-08-22 05:09:03,701 - Knowledge - INFO - Thread kw21 - File Logger.h - Remaining files in queue: 43
2025-08-22 05:09:03,701 - Knowledge - INFO - start ingest for /app/data/b2c/9652/b589510/rialto-ocdm-9652/library/include/Logger.h
2025-08-22 05:09:03,701 - Knowledge - INFO - worker kw15 pull /app/data/b2c/9652/b589510/rialto-ocdm-9652/library/include/MessageDispatcher.h from ingest queue
2025-08-22 05:09:03,701 - Knowledge - INFO - Thread kw15 - File MessageDispatcher.h - Remaining files in queue: 42
2025-08-22 05:09:03,701 - Knowledge - INFO - start ingest for /app/data/b2c/9652/b589510/rialto-ocdm-9652/library/include/MessageDispatcher.h
2025-08-22 05:09:03,846 - Knowledge - INFO - adding /app/data/b2c/9652/b589510/rialto-ocdm-9652/tests/mocks/MessageDispatcherMock.h to ingest queue
2025-08-22 05:09:03,846 - Knowledge - INFO - worker kw2 pull /app/data/b2c/9652/b589510/rialto-ocdm-9652/library/include/CdmBackend.h from ingest queue
2025-08-22 05:09:03,846 - Knowledge - INFO - Thread kw2 - File CdmBackend.h - Remaining files in queue: 42
2025-08-22 05:09:03,847 - Knowledge - INFO - start ingest for /app/data/b2c/9652/b589510/rialto-ocdm-9652/library/include/CdmBackend.h
2025-08-22 05:09:03,939 - Knowledge - INFO - Found code-base-name: https://github.com/kavia-common/rialto-ocdm-9652.git:kavia-6.0.0-rc1
2025-08-22 05:09:03,939 - Knowledge - INFO - Found code_base: <app.utils.kg_build.knowledge.KnowledgeCodeBase object at 0x7fdac7626890>
2025-08-22 05:09:03,939 - Knowledge - INFO - persist ingested knowledge for /app/data/b2c/9652/b589510/rialto-ocdm-9652/TERMS.md
2025-08-22 05:09:03,940 - Knowledge - INFO - Found code-base-name: https://github.com/kavia-common/rialto-ocdm-9652.git:kavia-6.0.0-rc1
2025-08-22 05:09:03,940 - Knowledge - INFO - Found code_base: <app.utils.kg_build.knowledge.KnowledgeCodeBase object at 0x7fdac7626890>
2025-08-22 05:09:03,940 - Knowledge - INFO - persist ingested knowledge for /app/data/b2c/9652/b589510/rialto-ocdm-9652/CMakeLists.txt
2025-08-22 05:09:03,940 - Knowledge - INFO - adding /app/data/b2c/9652/b589510/rialto-ocdm-9652/tests/mocks/MessageDispatcherClientMock.h to ingest queue
2025-08-22 05:09:03,940 - Knowledge - INFO - adding /app/data/b2c/9652/b589510/rialto-ocdm-9652/CONTRIBUTING.md to ingest queue
2025-08-22 05:09:03,940 - Knowledge - INFO - adding /app/data/b2c/9652/b589510/rialto-ocdm-9652/tests/mocks/MediaKeysClientMock.h to ingest queue
2025-08-22 05:09:03,941 - Knowledge - INFO - worker kw9 pull /app/data/b2c/9652/b589510/rialto-ocdm-9652/cmake/googletest.cmake from ingest queue
2025-08-22 05:09:03,941 - Knowledge - INFO - Thread kw9 - File googletest.cmake - Remaining files in queue: 44
2025-08-22 05:09:03,941 - Knowledge - INFO - start ingest for /app/data/b2c/9652/b589510/rialto-ocdm-9652/cmake/googletest.cmake
2025-08-22 05:09:03,941 - Knowledge - INFO - adding /app/data/b2c/9652/b589510/rialto-ocdm-9652/CHANGELOG.md to ingest queue
2025-08-22 05:09:04,407 - Knowledge - INFO - adding /app/data/b2c/9652/b589510/rialto-ocdm-9652/tests/mocks/CMakeLists.txt to ingest queue
2025-08-22 05:09:04,407 - Knowledge - INFO - worker kw14 pull /app/data/b2c/9652/b589510/rialto-ocdm-9652/library/include/OpenCDMSystem.h from ingest queue
2025-08-22 05:09:04,407 - Knowledge - INFO - Thread kw14 - File OpenCDMSystem.h - Remaining files in queue: 45
2025-08-22 05:09:04,407 - Knowledge - INFO - start ingest for /app/data/b2c/9652/b589510/rialto-ocdm-9652/library/include/OpenCDMSystem.h
2025-08-22 05:09:04,408 - Knowledge - INFO - worker kw11 pull /app/data/b2c/9652/b589510/rialto-ocdm-9652/library/include/IMessageDispatcher.h from ingest queue
2025-08-22 05:09:04,408 - Knowledge - INFO - Thread kw11 - File IMessageDispatcher.h - Remaining files in queue: 44
2025-08-22 05:09:04,408 - Knowledge - INFO - start ingest for /app/data/b2c/9652/b589510/rialto-ocdm-9652/library/include/IMessageDispatcher.h
2025-08-22 05:09:04,410 - Knowledge - INFO - adding /app/data/b2c/9652/b589510/rialto-ocdm-9652/tests/mocks/OpenCDMSystemMock.h to ingest queue
2025-08-22 05:09:04,410 - Knowledge - INFO - worker kw22 pull /app/data/b2c/9652/b589510/rialto-ocdm-9652/library/include/MediaKeysCapabilitiesBackend.h from ingest queue
2025-08-22 05:09:04,410 - Knowledge - INFO - Thread kw22 - File MediaKeysCapabilitiesBackend.h - Remaining files in queue: 44
2025-08-22 05:09:04,410 - Knowledge - INFO - start ingest for /app/data/b2c/9652/b589510/rialto-ocdm-9652/library/include/MediaKeysCapabilitiesBackend.h
2025-08-22 05:09:04,426 - Knowledge - INFO - worker kw13 pull /app/data/b2c/9652/b589510/rialto-ocdm-9652/library/include/OpenCDMSessionPrivate.h from ingest queue
2025-08-22 05:09:04,426 - Knowledge - INFO - Thread kw13 - File OpenCDMSessionPrivate.h - Remaining files in queue: 43
2025-08-22 05:09:04,426 - Knowledge - INFO - start ingest for /app/data/b2c/9652/b589510/rialto-ocdm-9652/library/include/OpenCDMSessionPrivate.h
2025-08-22 05:09:04,428 - Knowledge - INFO - worker kw23 pull /app/data/b2c/9652/b589510/rialto-ocdm-9652/library/CMakeLists.txt from ingest queue
2025-08-22 05:09:04,428 - Knowledge - INFO - Thread kw23 - File CMakeLists.txt - Remaining files in queue: 42
2025-08-22 05:09:04,428 - Knowledge - INFO - start ingest for /app/data/b2c/9652/b589510/rialto-ocdm-9652/library/CMakeLists.txt
2025-08-22 05:09:04,429 - Knowledge - INFO - worker kw8 pull /app/data/b2c/9652/b589510/rialto-ocdm-9652/library/source/open_cdm.cpp from ingest queue
2025-08-22 05:09:04,430 - Knowledge - INFO - Thread kw8 - File open_cdm.cpp - Remaining files in queue: 41
2025-08-22 05:09:04,430 - Knowledge - INFO - start ingest for /app/data/b2c/9652/b589510/rialto-ocdm-9652/library/source/open_cdm.cpp
2025-08-22 05:09:04,433 - Knowledge - INFO - adding /app/data/b2c/9652/b589510/rialto-ocdm-9652/build_ut.py to ingest queue
2025-08-22 05:09:04,437 - Knowledge - INFO - adding /app/data/b2c/9652/b589510/rialto-ocdm-9652/tests/mocks/ControlMock.h to ingest queue
2025-08-22 05:09:04,443 - Knowledge - INFO - adding /app/data/b2c/9652/b589510/rialto-ocdm-9652/tests/mocks/MediaKeysCapabilitiesMock.h to ingest queue
2025-08-22 05:09:04,444 - Knowledge - INFO - worker kw12 pull /app/data/b2c/9652/b589510/rialto-ocdm-9652/library/source/open_cdm_adapter.cpp from ingest queue
2025-08-22 05:09:04,444 - Knowledge - INFO - Thread kw12 - File open_cdm_adapter.cpp - Remaining files in queue: 43
2025-08-22 05:09:04,444 - Knowledge - INFO - start ingest for /app/data/b2c/9652/b589510/rialto-ocdm-9652/library/source/open_cdm_adapter.cpp
2025-08-22 05:09:04,446 - Knowledge - INFO - worker kw18 pull /app/data/b2c/9652/b589510/rialto-ocdm-9652/library/source/ActiveSessions.cpp from ingest queue
2025-08-22 05:09:04,446 - Knowledge - INFO - Thread kw18 - File ActiveSessions.cpp - Remaining files in queue: 42
2025-08-22 05:09:04,446 - Knowledge - INFO - start ingest for /app/data/b2c/9652/b589510/rialto-ocdm-9652/library/source/ActiveSessions.cpp
2025-08-22 05:09:04,447 - Knowledge - INFO - worker kw5 pull /app/data/b2c/9652/b589510/rialto-ocdm-9652/library/include/ICdmBackend.h from ingest queue
2025-08-22 05:09:04,447 - Knowledge - INFO - Thread kw5 - File ICdmBackend.h - Remaining files in queue: 41
2025-08-22 05:09:04,447 - Knowledge - INFO - start ingest for /app/data/b2c/9652/b589510/rialto-ocdm-9652/library/include/ICdmBackend.h
2025-08-22 05:09:04,449 - Knowledge - INFO - Fast-track processing for simple file: /app/data/b2c/9652/b589510/rialto-ocdm-9652/library/CMakeLists.txt
2025-08-22 05:09:04,449 - Knowledge - INFO - done fast ingest for /app/data/b2c/9652/b589510/rialto-ocdm-9652/library/CMakeLists.txt
2025-08-22 05:09:04,450 - Knowledge - INFO - process ingested knowledge for /app/data/b2c/9652/b589510/rialto-ocdm-9652/library/CMakeLists.txt
2025-08-22 05:09:04,718 - Knowledge - INFO - worker kw1 pull /app/data/b2c/9652/b589510/rialto-ocdm-9652/library/include/ActiveSessions.h from ingest queue
2025-08-22 05:09:04,718 - Knowledge - INFO - Thread kw1 - File ActiveSessions.h - Remaining files in queue: 40
2025-08-22 05:09:04,718 - Knowledge - INFO - start ingest for /app/data/b2c/9652/b589510/rialto-ocdm-9652/library/include/ActiveSessions.h
2025-08-22 05:09:04,764 - Knowledge - INFO - worker kw24 pull /app/data/b2c/9652/b589510/rialto-ocdm-9652/library/source/OpenCDMSessionPrivate.cpp from ingest queue
2025-08-22 05:09:04,764 - Knowledge - INFO - Thread kw24 - File OpenCDMSessionPrivate.cpp - Remaining files in queue: 39
2025-08-22 05:09:04,764 - Knowledge - INFO - start ingest for /app/data/b2c/9652/b589510/rialto-ocdm-9652/library/source/OpenCDMSessionPrivate.cpp
2025-08-22 05:09:04,768 - Knowledge - INFO - worker kw19 pull /app/data/b2c/9652/b589510/rialto-ocdm-9652/library/source/RialtoGStreamerEMEProtectionMetadata.cpp from ingest queue
2025-08-22 05:09:04,768 - Knowledge - INFO - Thread kw19 - File RialtoGStreamerEMEProtectionMetadata.cpp - Remaining files in queue: 38
2025-08-22 05:09:04,768 - Knowledge - INFO - start ingest for /app/data/b2c/9652/b589510/rialto-ocdm-9652/library/source/RialtoGStreamerEMEProtectionMetadata.cpp
2025-08-22 05:09:04,771 - Knowledge - INFO - Found code-base-name: https://github.com/kavia-common/rialto-ocdm-9652.git:kavia-6.0.0-rc1
2025-08-22 05:09:04,771 - Knowledge - INFO - Found code_base: <app.utils.kg_build.knowledge.KnowledgeCodeBase object at 0x7fdac7626890>
2025-08-22 05:09:04,771 - Knowledge - INFO - persist ingested knowledge for /app/data/b2c/9652/b589510/rialto-ocdm-9652/library/CMakeLists.txt
2025-08-22 05:09:04,772 - Knowledge - INFO - worker kw20 pull /app/data/b2c/9652/b589510/rialto-ocdm-9652/library/source/MessageDispatcher.cpp from ingest queue
2025-08-22 05:09:04,772 - Knowledge - INFO - Thread kw20 - File MessageDispatcher.cpp - Remaining files in queue: 37
2025-08-22 05:09:04,772 - Knowledge - INFO - start ingest for /app/data/b2c/9652/b589510/rialto-ocdm-9652/library/source/MessageDispatcher.cpp
2025-08-22 05:09:05,168 - Knowledge - INFO - worker kw23 pull /app/data/b2c/9652/b589510/rialto-ocdm-9652/library/source/open_cdm_ext.cpp from ingest queue
2025-08-22 05:09:05,168 - Knowledge - INFO - Thread kw23 - File open_cdm_ext.cpp - Remaining files in queue: 36
2025-08-22 05:09:05,168 - Knowledge - INFO - start ingest for /app/data/b2c/9652/b589510/rialto-ocdm-9652/library/source/open_cdm_ext.cpp
2025-08-22 05:09:09,396 - Knowledge - INFO - done ingest for /app/data/b2c/9652/b589510/rialto-ocdm-9652/docs/index.html
2025-08-22 05:09:09,396 - Knowledge - INFO - process ingested knowledge for /app/data/b2c/9652/b589510/rialto-ocdm-9652/docs/index.html
2025-08-22 05:09:09,396 - Knowledge - INFO - Found code-base-name: https://github.com/kavia-common/rialto-ocdm-9652.git:kavia-6.0.0-rc1
2025-08-22 05:09:09,396 - Knowledge - INFO - Found code_base: <app.utils.kg_build.knowledge.KnowledgeCodeBase object at 0x7fdac7626890>
2025-08-22 05:09:09,397 - Knowledge - INFO - persist ingested knowledge for /app/data/b2c/9652/b589510/rialto-ocdm-9652/docs/index.html
2025-08-22 05:09:09,674 - Knowledge - INFO - done ingest for /app/data/b2c/9652/b589510/rialto-ocdm-9652/cmake/FindRialto.cmake
2025-08-22 05:09:09,679 - Knowledge - INFO - process ingested knowledge for /app/data/b2c/9652/b589510/rialto-ocdm-9652/cmake/FindRialto.cmake
2025-08-22 05:09:09,708 - Knowledge - INFO - Found code-base-name: https://github.com/kavia-common/rialto-ocdm-9652.git:kavia-6.0.0-rc1
2025-08-22 05:09:09,708 - Knowledge - INFO - Found code_base: <app.utils.kg_build.knowledge.KnowledgeCodeBase object at 0x7fdac7626890>
2025-08-22 05:09:09,708 - Knowledge - INFO - persist ingested knowledge for /app/data/b2c/9652/b589510/rialto-ocdm-9652/cmake/FindRialto.cmake
2025-08-22 05:09:09,989 - Knowledge - INFO - worker kw16 pull /app/data/b2c/9652/b589510/rialto-ocdm-9652/library/source/Logger.cpp from ingest queue
2025-08-22 05:09:09,989 - Knowledge - INFO - Thread kw16 - File Logger.cpp - Remaining files in queue: 35
2025-08-22 05:09:09,990 - Knowledge - INFO - start ingest for /app/data/b2c/9652/b589510/rialto-ocdm-9652/library/source/Logger.cpp
2025-08-22 05:09:09,994 - Knowledge - INFO - worker kw25 pull /app/data/b2c/9652/b589510/rialto-ocdm-9652/library/source/CdmBackend.cpp from ingest queue
2025-08-22 05:09:09,994 - Knowledge - INFO - Thread kw25 - File CdmBackend.cpp - Remaining files in queue: 34
2025-08-22 05:09:09,994 - Knowledge - INFO - start ingest for /app/data/b2c/9652/b589510/rialto-ocdm-9652/library/source/CdmBackend.cpp
2025-08-22 05:09:10,719 - Knowledge - INFO - done ingest for /app/data/b2c/9652/b589510/rialto-ocdm-9652/cmake/googletest.cmake
2025-08-22 05:09:10,720 - Knowledge - INFO - process ingested knowledge for /app/data/b2c/9652/b589510/rialto-ocdm-9652/cmake/googletest.cmake
2025-08-22 05:09:10,720 - Knowledge - INFO - Found code-base-name: https://github.com/kavia-common/rialto-ocdm-9652.git:kavia-6.0.0-rc1
2025-08-22 05:09:10,720 - Knowledge - INFO - Found code_base: <app.utils.kg_build.knowledge.KnowledgeCodeBase object at 0x7fdac7626890>
2025-08-22 05:09:10,720 - Knowledge - INFO - persist ingested knowledge for /app/data/b2c/9652/b589510/rialto-ocdm-9652/cmake/googletest.cmake
2025-08-22 05:09:10,981 - Knowledge - INFO - worker kw9 pull /app/data/b2c/9652/b589510/rialto-ocdm-9652/cppcheck_suppressions.xml from ingest queue
2025-08-22 05:09:10,981 - Knowledge - INFO - Thread kw9 - File cppcheck_suppressions.xml - Remaining files in queue: 33
2025-08-22 05:09:10,981 - Knowledge - INFO - start ingest for /app/data/b2c/9652/b589510/rialto-ocdm-9652/cppcheck_suppressions.xml
2025-08-22 05:09:11,004 - Knowledge - INFO - Fast-track processing for simple file: /app/data/b2c/9652/b589510/rialto-ocdm-9652/cppcheck_suppressions.xml
2025-08-22 05:09:11,004 - Knowledge - INFO - done fast ingest for /app/data/b2c/9652/b589510/rialto-ocdm-9652/cppcheck_suppressions.xml
2025-08-22 05:09:11,005 - Knowledge - INFO - process ingested knowledge for /app/data/b2c/9652/b589510/rialto-ocdm-9652/cppcheck_suppressions.xml
2025-08-22 05:09:11,005 - Knowledge - INFO - Found code-base-name: https://github.com/kavia-common/rialto-ocdm-9652.git:kavia-6.0.0-rc1
2025-08-22 05:09:11,005 - Knowledge - INFO - Found code_base: <app.utils.kg_build.knowledge.KnowledgeCodeBase object at 0x7fdac7626890>
2025-08-22 05:09:11,005 - Knowledge - INFO - persist ingested knowledge for /app/data/b2c/9652/b589510/rialto-ocdm-9652/cppcheck_suppressions.xml
2025-08-22 05:09:11,285 - Knowledge - INFO - worker kw9 pull /app/data/b2c/9652/b589510/rialto-ocdm-9652/tests/third-party/CMakeLists.txt from ingest queue
2025-08-22 05:09:11,285 - Knowledge - INFO - Thread kw9 - File CMakeLists.txt - Remaining files in queue: 32
2025-08-22 05:09:11,286 - Knowledge - INFO - start ingest for /app/data/b2c/9652/b589510/rialto-ocdm-9652/tests/third-party/CMakeLists.txt
2025-08-22 05:09:11,312 - Knowledge - INFO - Fast-track processing for simple file: /app/data/b2c/9652/b589510/rialto-ocdm-9652/tests/third-party/CMakeLists.txt
2025-08-22 05:09:11,312 - Knowledge - INFO - done fast ingest for /app/data/b2c/9652/b589510/rialto-ocdm-9652/tests/third-party/CMakeLists.txt
2025-08-22 05:09:11,312 - Knowledge - INFO - process ingested knowledge for /app/data/b2c/9652/b589510/rialto-ocdm-9652/tests/third-party/CMakeLists.txt
2025-08-22 05:09:11,312 - Knowledge - INFO - Found code-base-name: https://github.com/kavia-common/rialto-ocdm-9652.git:kavia-6.0.0-rc1
2025-08-22 05:09:11,312 - Knowledge - INFO - Found code_base: <app.utils.kg_build.knowledge.KnowledgeCodeBase object at 0x7fdac7626890>
2025-08-22 05:09:11,312 - Knowledge - INFO - persist ingested knowledge for /app/data/b2c/9652/b589510/rialto-ocdm-9652/tests/third-party/CMakeLists.txt
2025-08-22 05:09:11,499 - Knowledge - INFO - worker kw9 pull /app/data/b2c/9652/b589510/rialto-ocdm-9652/tests/third-party/source/MediaKeysCapabilitiesFactory.cpp from ingest queue
2025-08-22 05:09:11,499 - Knowledge - INFO - Thread kw9 - File MediaKeysCapabilitiesFactory.cpp - Remaining files in queue: 31
2025-08-22 05:09:11,499 - Knowledge - INFO - start ingest for /app/data/b2c/9652/b589510/rialto-ocdm-9652/tests/third-party/source/MediaKeysCapabilitiesFactory.cpp
2025-08-22 05:09:58,470 - Knowledge - INFO - done ingest for /app/data/b2c/9652/b589510/rialto-ocdm-9652/library/include/IMessageDispatcher.h
2025-08-22 05:09:58,572 - Knowledge - INFO - process ingested knowledge for /app/data/b2c/9652/b589510/rialto-ocdm-9652/library/include/IMessageDispatcher.h
2025-08-22 05:09:58,572 - Knowledge - INFO - Found code-base-name: https://github.com/kavia-common/rialto-ocdm-9652.git:kavia-6.0.0-rc1
2025-08-22 05:09:58,572 - Knowledge - INFO - Found code_base: <app.utils.kg_build.knowledge.KnowledgeCodeBase object at 0x7fdac7626890>
2025-08-22 05:09:58,572 - Knowledge - INFO - persist ingested knowledge for /app/data/b2c/9652/b589510/rialto-ocdm-9652/library/include/IMessageDispatcher.h
2025-08-22 05:10:00,390 - Knowledge - INFO - persist search terms embedding for library/include/IMessageDispatcher.h
2025-08-22 05:10:00,465 - Knowledge - INFO - worker kw11 pull /app/data/b2c/9652/b589510/rialto-ocdm-9652/tests/third-party/source/OcdmSessionsCallbacks.cpp from ingest queue
2025-08-22 05:10:00,465 - Knowledge - INFO - Thread kw11 - File OcdmSessionsCallbacks.cpp - Remaining files in queue: 30
2025-08-22 05:10:00,465 - Knowledge - INFO - start ingest for /app/data/b2c/9652/b589510/rialto-ocdm-9652/tests/third-party/source/OcdmSessionsCallbacks.cpp
2025-08-22 05:10:05,870 - Knowledge - INFO - done ingest for /app/data/b2c/9652/b589510/rialto-ocdm-9652/scripts/clang-format/process_clang-format_errors.py
2025-08-22 05:10:06,084 - Knowledge - INFO - process ingested knowledge for /app/data/b2c/9652/b589510/rialto-ocdm-9652/scripts/clang-format/process_clang-format_errors.py
2025-08-22 05:10:06,085 - Knowledge - INFO - Found code-base-name: https://github.com/kavia-common/rialto-ocdm-9652.git:kavia-6.0.0-rc1
2025-08-22 05:10:06,085 - Knowledge - INFO - Found code_base: <app.utils.kg_build.knowledge.KnowledgeCodeBase object at 0x7fdac7626890>
2025-08-22 05:10:06,085 - Knowledge - INFO - persist ingested knowledge for /app/data/b2c/9652/b589510/rialto-ocdm-9652/scripts/clang-format/process_clang-format_errors.py
2025-08-22 05:10:08,087 - Knowledge - INFO - persist search terms embedding for scripts/clang-format/process_clang-format_errors.py
2025-08-22 05:10:08,090 - Knowledge - INFO - worker kw4 pull /app/data/b2c/9652/b589510/rialto-ocdm-9652/tests/ut/CdmBackendTests.cpp from ingest queue
2025-08-22 05:10:08,090 - Knowledge - INFO - Thread kw4 - File CdmBackendTests.cpp - Remaining files in queue: 29
2025-08-22 05:10:08,090 - Knowledge - INFO - start ingest for /app/data/b2c/9652/b589510/rialto-ocdm-9652/tests/ut/CdmBackendTests.cpp
2025-08-22 05:10:14,990 - Knowledge - INFO - done ingest for /app/data/b2c/9652/b589510/rialto-ocdm-9652/scripts/valgrind/process_valgrind_results.py
2025-08-22 05:10:15,184 - Knowledge - INFO - process ingested knowledge for /app/data/b2c/9652/b589510/rialto-ocdm-9652/scripts/valgrind/process_valgrind_results.py
2025-08-22 05:10:15,184 - Knowledge - INFO - Found code-base-name: https://github.com/kavia-common/rialto-ocdm-9652.git:kavia-6.0.0-rc1
2025-08-22 05:10:15,185 - Knowledge - INFO - Found code_base: <app.utils.kg_build.knowledge.KnowledgeCodeBase object at 0x7fdac7626890>
2025-08-22 05:10:15,185 - Knowledge - INFO - persist ingested knowledge for /app/data/b2c/9652/b589510/rialto-ocdm-9652/scripts/valgrind/process_valgrind_results.py
2025-08-22 05:10:17,071 - Knowledge - INFO - persist search terms embedding for scripts/valgrind/process_valgrind_results.py
2025-08-22 05:10:17,076 - Knowledge - INFO - worker kw10 pull /app/data/b2c/9652/b589510/rialto-ocdm-9652/tests/ut/MessageDispatcherTests.cpp from ingest queue
2025-08-22 05:10:17,077 - Knowledge - INFO - Thread kw10 - File MessageDispatcherTests.cpp - Remaining files in queue: 28
2025-08-22 05:10:17,077 - Knowledge - INFO - start ingest for /app/data/b2c/9652/b589510/rialto-ocdm-9652/tests/ut/MessageDispatcherTests.cpp
2025-08-22 05:10:27,399 - Knowledge - INFO - done ingest for /app/data/b2c/9652/b589510/rialto-ocdm-9652/library/include/MediaKeysCapabilitiesBackend.h
2025-08-22 05:10:27,570 - Knowledge - INFO - process ingested knowledge for /app/data/b2c/9652/b589510/rialto-ocdm-9652/library/include/MediaKeysCapabilitiesBackend.h
2025-08-22 05:10:27,571 - Knowledge - INFO - Found code-base-name: https://github.com/kavia-common/rialto-ocdm-9652.git:kavia-6.0.0-rc1
2025-08-22 05:10:27,571 - Knowledge - INFO - Found code_base: <app.utils.kg_build.knowledge.KnowledgeCodeBase object at 0x7fdac7626890>
2025-08-22 05:10:27,571 - Knowledge - INFO - persist ingested knowledge for /app/data/b2c/9652/b589510/rialto-ocdm-9652/library/include/MediaKeysCapabilitiesBackend.h
2025-08-22 05:10:29,191 - Knowledge - INFO - persist search terms embedding for library/include/MediaKeysCapabilitiesBackend.h
2025-08-22 05:10:29,264 - Knowledge - INFO - worker kw22 pull /app/data/b2c/9652/b589510/rialto-ocdm-9652/README.md from ingest queue
2025-08-22 05:10:29,264 - Knowledge - INFO - Thread kw22 - File README.md - Remaining files in queue: 27
2025-08-22 05:10:29,264 - Knowledge - INFO - start ingest for /app/data/b2c/9652/b589510/rialto-ocdm-9652/README.md
2025-08-22 05:10:29,366 - Knowledge - INFO - Fast-track processing for simple file: /app/data/b2c/9652/b589510/rialto-ocdm-9652/README.md
2025-08-22 05:10:29,366 - Knowledge - INFO - done fast ingest for /app/data/b2c/9652/b589510/rialto-ocdm-9652/README.md
2025-08-22 05:10:29,366 - Knowledge - INFO - process ingested knowledge for /app/data/b2c/9652/b589510/rialto-ocdm-9652/README.md
2025-08-22 05:10:29,366 - Knowledge - INFO - Found code-base-name: https://github.com/kavia-common/rialto-ocdm-9652.git:kavia-6.0.0-rc1
2025-08-22 05:10:29,366 - Knowledge - INFO - Found code_base: <app.utils.kg_build.knowledge.KnowledgeCodeBase object at 0x7fdac7626890>
2025-08-22 05:10:29,367 - Knowledge - INFO - persist ingested knowledge for /app/data/b2c/9652/b589510/rialto-ocdm-9652/README.md
2025-08-22 05:10:29,885 - Knowledge - INFO - worker kw22 pull /app/data/b2c/9652/b589510/rialto-ocdm-9652/tests/third-party/source/MediaKeysFactory.cpp from ingest queue
2025-08-22 05:10:29,885 - Knowledge - INFO - Thread kw22 - File MediaKeysFactory.cpp - Remaining files in queue: 26
2025-08-22 05:10:29,885 - Knowledge - INFO - start ingest for /app/data/b2c/9652/b589510/rialto-ocdm-9652/tests/third-party/source/MediaKeysFactory.cpp
2025-08-22 05:10:44,877 - Knowledge - INFO - done ingest for /app/data/b2c/9652/b589510/rialto-ocdm-9652/library/source/open_cdm_adapter.cpp
2025-08-22 05:10:45,080 - Knowledge - INFO - process ingested knowledge for /app/data/b2c/9652/b589510/rialto-ocdm-9652/library/source/open_cdm_adapter.cpp
2025-08-22 05:10:45,081 - Knowledge - INFO - Found code-base-name: https://github.com/kavia-common/rialto-ocdm-9652.git:kavia-6.0.0-rc1
2025-08-22 05:10:45,081 - Knowledge - INFO - Found code_base: <app.utils.kg_build.knowledge.KnowledgeCodeBase object at 0x7fdac7626890>
2025-08-22 05:10:45,081 - Knowledge - INFO - persist ingested knowledge for /app/data/b2c/9652/b589510/rialto-ocdm-9652/library/source/open_cdm_adapter.cpp
2025-08-22 05:10:47,070 - Knowledge - INFO - persist search terms embedding for library/source/open_cdm_adapter.cpp
2025-08-22 05:10:47,070 - Knowledge - INFO - worker kw12 pull /app/data/b2c/9652/b589510/rialto-ocdm-9652/tests/ut/MediaKeysCapabilitiesBackendTests.cpp from ingest queue
2025-08-22 05:10:47,071 - Knowledge - INFO - Thread kw12 - File MediaKeysCapabilitiesBackendTests.cpp - Remaining files in queue: 25
2025-08-22 05:10:47,071 - Knowledge - INFO - start ingest for /app/data/b2c/9652/b589510/rialto-ocdm-9652/tests/ut/MediaKeysCapabilitiesBackendTests.cpp
2025-08-22 05:10:57,084 - Knowledge - INFO - done ingest for /app/data/b2c/9652/b589510/rialto-ocdm-9652/library/source/RialtoGStreamerEMEProtectionMetadata.cpp
2025-08-22 05:10:57,286 - Knowledge - INFO - process ingested knowledge for /app/data/b2c/9652/b589510/rialto-ocdm-9652/library/source/RialtoGStreamerEMEProtectionMetadata.cpp
2025-08-22 05:10:57,286 - Knowledge - INFO - Found code-base-name: https://github.com/kavia-common/rialto-ocdm-9652.git:kavia-6.0.0-rc1
2025-08-22 05:10:57,286 - Knowledge - INFO - Found code_base: <app.utils.kg_build.knowledge.KnowledgeCodeBase object at 0x7fdac7626890>
2025-08-22 05:10:57,287 - Knowledge - INFO - persist ingested knowledge for /app/data/b2c/9652/b589510/rialto-ocdm-9652/library/source/RialtoGStreamerEMEProtectionMetadata.cpp
2025-08-22 05:10:58,268 - Knowledge - INFO - done ingest for /app/data/b2c/9652/b589510/rialto-ocdm-9652/library/source/ActiveSessions.cpp
2025-08-22 05:10:58,383 - Knowledge - INFO - process ingested knowledge for /app/data/b2c/9652/b589510/rialto-ocdm-9652/library/source/ActiveSessions.cpp
2025-08-22 05:10:59,863 - Knowledge - INFO - persist search terms embedding for library/source/RialtoGStreamerEMEProtectionMetadata.cpp
2025-08-22 05:10:59,879 - Knowledge - INFO - Found code-base-name: https://github.com/kavia-common/rialto-ocdm-9652.git:kavia-6.0.0-rc1
2025-08-22 05:10:59,879 - Knowledge - INFO - Found code_base: <app.utils.kg_build.knowledge.KnowledgeCodeBase object at 0x7fdac7626890>
2025-08-22 05:10:59,879 - Knowledge - INFO - persist ingested knowledge for /app/data/b2c/9652/b589510/rialto-ocdm-9652/library/source/ActiveSessions.cpp
2025-08-22 05:10:59,881 - Knowledge - INFO - worker kw19 pull /app/data/b2c/9652/b589510/rialto-ocdm-9652/tests/ut/LoggerTests.cpp from ingest queue
2025-08-22 05:10:59,882 - Knowledge - INFO - Thread kw19 - File LoggerTests.cpp - Remaining files in queue: 24
2025-08-22 05:10:59,882 - Knowledge - INFO - start ingest for /app/data/b2c/9652/b589510/rialto-ocdm-9652/tests/ut/LoggerTests.cpp
2025-08-22 05:11:00,865 - Knowledge - INFO - done ingest for /app/data/b2c/9652/b589510/rialto-ocdm-9652/library/include/RialtoGStreamerEMEProtectionMetadata.h
2025-08-22 05:11:01,169 - Knowledge - INFO - process ingested knowledge for /app/data/b2c/9652/b589510/rialto-ocdm-9652/library/include/RialtoGStreamerEMEProtectionMetadata.h
2025-08-22 05:11:02,171 - Knowledge - INFO - persist search terms embedding for library/source/ActiveSessions.cpp
2025-08-22 05:11:02,185 - Knowledge - INFO - Found code-base-name: https://github.com/kavia-common/rialto-ocdm-9652.git:kavia-6.0.0-rc1
2025-08-22 05:11:02,185 - Knowledge - INFO - Found code_base: <app.utils.kg_build.knowledge.KnowledgeCodeBase object at 0x7fdac7626890>
2025-08-22 05:11:02,185 - Knowledge - INFO - persist ingested knowledge for /app/data/b2c/9652/b589510/rialto-ocdm-9652/library/include/RialtoGStreamerEMEProtectionMetadata.h
2025-08-22 05:11:02,186 - Knowledge - INFO - worker kw18 pull /app/data/b2c/9652/b589510/rialto-ocdm-9652/tests/ut/CMakeLists.txt from ingest queue
2025-08-22 05:11:02,187 - Knowledge - INFO - Thread kw18 - File CMakeLists.txt - Remaining files in queue: 23
2025-08-22 05:11:02,187 - Knowledge - INFO - start ingest for /app/data/b2c/9652/b589510/rialto-ocdm-9652/tests/ut/CMakeLists.txt
2025-08-22 05:11:02,470 - Knowledge - INFO - Fast-track processing for simple file: /app/data/b2c/9652/b589510/rialto-ocdm-9652/tests/ut/CMakeLists.txt
2025-08-22 05:11:02,470 - Knowledge - INFO - done fast ingest for /app/data/b2c/9652/b589510/rialto-ocdm-9652/tests/ut/CMakeLists.txt
2025-08-22 05:11:02,470 - Knowledge - INFO - process ingested knowledge for /app/data/b2c/9652/b589510/rialto-ocdm-9652/tests/ut/CMakeLists.txt
2025-08-22 05:11:04,467 - Knowledge - INFO - persist search terms embedding for library/include/RialtoGStreamerEMEProtectionMetadata.h
2025-08-22 05:11:04,483 - Knowledge - INFO - Found code-base-name: https://github.com/kavia-common/rialto-ocdm-9652.git:kavia-6.0.0-rc1
2025-08-22 05:11:04,483 - Knowledge - INFO - Found code_base: <app.utils.kg_build.knowledge.KnowledgeCodeBase object at 0x7fdac7626890>
2025-08-22 05:11:04,483 - Knowledge - INFO - persist ingested knowledge for /app/data/b2c/9652/b589510/rialto-ocdm-9652/tests/ut/CMakeLists.txt
2025-08-22 05:11:05,381 - Knowledge - INFO - worker kw7 pull /app/data/b2c/9652/b589510/rialto-ocdm-9652/tests/ut/OpenCdmExtTests.cpp from ingest queue
2025-08-22 05:11:05,381 - Knowledge - INFO - Thread kw7 - File OpenCdmExtTests.cpp - Remaining files in queue: 22
2025-08-22 05:11:05,381 - Knowledge - INFO - start ingest for /app/data/b2c/9652/b589510/rialto-ocdm-9652/tests/ut/OpenCdmExtTests.cpp
2025-08-22 05:11:05,382 - Knowledge - INFO - worker kw18 pull /app/data/b2c/9652/b589510/rialto-ocdm-9652/library/source/MediaKeysCapabilitiesBackend.cpp from ingest queue
2025-08-22 05:11:05,382 - Knowledge - INFO - Thread kw18 - File MediaKeysCapabilitiesBackend.cpp - Remaining files in queue: 21
2025-08-22 05:11:05,382 - Knowledge - INFO - start ingest for /app/data/b2c/9652/b589510/rialto-ocdm-9652/library/source/MediaKeysCapabilitiesBackend.cpp
2025-08-22 05:11:13,172 - Knowledge - INFO - done ingest for /app/data/b2c/9652/b589510/rialto-ocdm-9652/library/include/ActiveSessions.h
2025-08-22 05:11:13,391 - Knowledge - INFO - process ingested knowledge for /app/data/b2c/9652/b589510/rialto-ocdm-9652/library/include/ActiveSessions.h
2025-08-22 05:11:13,391 - Knowledge - INFO - Found code-base-name: https://github.com/kavia-common/rialto-ocdm-9652.git:kavia-6.0.0-rc1
2025-08-22 05:11:13,391 - Knowledge - INFO - Found code_base: <app.utils.kg_build.knowledge.KnowledgeCodeBase object at 0x7fdac7626890>
2025-08-22 05:11:13,392 - Knowledge - INFO - persist ingested knowledge for /app/data/b2c/9652/b589510/rialto-ocdm-9652/library/include/ActiveSessions.h
2025-08-22 05:11:15,473 - Knowledge - INFO - persist search terms embedding for library/include/ActiveSessions.h
2025-08-22 05:11:15,480 - Knowledge - INFO - worker kw1 pull /app/data/b2c/9652/b589510/rialto-ocdm-9652/tests/third-party/source/ControlFactory.cpp from ingest queue
2025-08-22 05:11:15,480 - Knowledge - INFO - Thread kw1 - File ControlFactory.cpp - Remaining files in queue: 20
2025-08-22 05:11:15,481 - Knowledge - INFO - start ingest for /app/data/b2c/9652/b589510/rialto-ocdm-9652/tests/third-party/source/ControlFactory.cpp
2025-08-22 05:11:18,576 - Knowledge - INFO - done ingest for /app/data/b2c/9652/b589510/rialto-ocdm-9652/tests/third-party/source/MediaKeysCapabilitiesFactory.cpp
2025-08-22 05:11:18,963 - Knowledge - INFO - process ingested knowledge for /app/data/b2c/9652/b589510/rialto-ocdm-9652/tests/third-party/source/MediaKeysCapabilitiesFactory.cpp
2025-08-22 05:11:18,963 - Knowledge - INFO - Found code-base-name: https://github.com/kavia-common/rialto-ocdm-9652.git:kavia-6.0.0-rc1
2025-08-22 05:11:18,963 - Knowledge - INFO - Found code_base: <app.utils.kg_build.knowledge.KnowledgeCodeBase object at 0x7fdac7626890>
2025-08-22 05:11:18,963 - Knowledge - INFO - persist ingested knowledge for /app/data/b2c/9652/b589510/rialto-ocdm-9652/tests/third-party/source/MediaKeysCapabilitiesFactory.cpp
2025-08-22 05:11:20,165 - Knowledge - INFO - persist search terms embedding for tests/third-party/source/MediaKeysCapabilitiesFactory.cpp
2025-08-22 05:11:20,171 - Knowledge - INFO - worker kw9 pull /app/data/b2c/9652/b589510/rialto-ocdm-9652/tests/ut/OpenCdmSystemTests.cpp from ingest queue
2025-08-22 05:11:20,171 - Knowledge - INFO - Thread kw9 - File OpenCdmSystemTests.cpp - Remaining files in queue: 19
2025-08-22 05:11:20,172 - Knowledge - INFO - start ingest for /app/data/b2c/9652/b589510/rialto-ocdm-9652/tests/ut/OpenCdmSystemTests.cpp
2025-08-22 05:11:35,074 - Knowledge - INFO - done ingest for /app/data/b2c/9652/b589510/rialto-ocdm-9652/library/source/MessageDispatcher.cpp
2025-08-22 05:11:35,283 - Knowledge - INFO - process ingested knowledge for /app/data/b2c/9652/b589510/rialto-ocdm-9652/library/source/MessageDispatcher.cpp
2025-08-22 05:11:35,283 - Knowledge - INFO - Found code-base-name: https://github.com/kavia-common/rialto-ocdm-9652.git:kavia-6.0.0-rc1
2025-08-22 05:11:35,283 - Knowledge - INFO - Found code_base: <app.utils.kg_build.knowledge.KnowledgeCodeBase object at 0x7fdac7626890>
2025-08-22 05:11:35,283 - Knowledge - INFO - persist ingested knowledge for /app/data/b2c/9652/b589510/rialto-ocdm-9652/library/source/MessageDispatcher.cpp
2025-08-22 05:11:36,978 - Knowledge - INFO - persist search terms embedding for library/source/MessageDispatcher.cpp
2025-08-22 05:11:36,984 - Knowledge - INFO - worker kw20 pull /app/data/b2c/9652/b589510/rialto-ocdm-9652/tests/ut/OpenCdmSessionTests.cpp from ingest queue
2025-08-22 05:11:36,984 - Knowledge - INFO - Thread kw20 - File OpenCdmSessionTests.cpp - Remaining files in queue: 18
2025-08-22 05:11:36,984 - Knowledge - INFO - start ingest for /app/data/b2c/9652/b589510/rialto-ocdm-9652/tests/ut/OpenCdmSessionTests.cpp
2025-08-22 05:11:43,864 - Knowledge - INFO - done ingest for /app/data/b2c/9652/b589510/rialto-ocdm-9652/library/include/OpenCDMSystem.h
2025-08-22 05:11:43,985 - Knowledge - INFO - process ingested knowledge for /app/data/b2c/9652/b589510/rialto-ocdm-9652/library/include/OpenCDMSystem.h
2025-08-22 05:11:43,986 - Knowledge - INFO - Found code-base-name: https://github.com/kavia-common/rialto-ocdm-9652.git:kavia-6.0.0-rc1
2025-08-22 05:11:43,986 - Knowledge - INFO - Found code_base: <app.utils.kg_build.knowledge.KnowledgeCodeBase object at 0x7fdac7626890>
2025-08-22 05:11:43,986 - Knowledge - INFO - persist ingested knowledge for /app/data/b2c/9652/b589510/rialto-ocdm-9652/library/include/OpenCDMSystem.h
2025-08-22 05:11:45,685 - Knowledge - INFO - persist search terms embedding for library/include/OpenCDMSystem.h
2025-08-22 05:11:45,685 - Knowledge - INFO - worker kw14 pull /app/data/b2c/9652/b589510/rialto-ocdm-9652/tests/ut/OpenCdmAdapterTests.cpp from ingest queue
2025-08-22 05:11:45,685 - Knowledge - INFO - Thread kw14 - File OpenCdmAdapterTests.cpp - Remaining files in queue: 17
2025-08-22 05:11:45,685 - Knowledge - INFO - start ingest for /app/data/b2c/9652/b589510/rialto-ocdm-9652/tests/ut/OpenCdmAdapterTests.cpp
2025-08-22 05:11:46,176 - Knowledge - INFO - done ingest for /app/data/b2c/9652/b589510/rialto-ocdm-9652/library/include/Logger.h
2025-08-22 05:11:46,389 - Knowledge - INFO - process ingested knowledge for /app/data/b2c/9652/b589510/rialto-ocdm-9652/library/include/Logger.h
2025-08-22 05:11:46,389 - Knowledge - INFO - Found code-base-name: https://github.com/kavia-common/rialto-ocdm-9652.git:kavia-6.0.0-rc1
2025-08-22 05:11:46,389 - Knowledge - INFO - Found code_base: <app.utils.kg_build.knowledge.KnowledgeCodeBase object at 0x7fdac7626890>
2025-08-22 05:11:46,389 - Knowledge - INFO - persist ingested knowledge for /app/data/b2c/9652/b589510/rialto-ocdm-9652/library/include/Logger.h
2025-08-22 05:11:48,369 - Knowledge - INFO - persist search terms embedding for library/include/Logger.h
2025-08-22 05:11:48,377 - Knowledge - INFO - worker kw21 pull /app/data/b2c/9652/b589510/rialto-ocdm-9652/tests/mocks/CdmBackendMock.h from ingest queue
2025-08-22 05:11:48,377 - Knowledge - INFO - Thread kw21 - File CdmBackendMock.h - Remaining files in queue: 16
2025-08-22 05:11:48,378 - Knowledge - INFO - start ingest for /app/data/b2c/9652/b589510/rialto-ocdm-9652/tests/mocks/CdmBackendMock.h
2025-08-22 05:12:14,480 - Knowledge - INFO - done ingest for /app/data/b2c/9652/b589510/rialto-ocdm-9652/library/include/MessageDispatcher.h
2025-08-22 05:12:14,606 - Knowledge - INFO - process ingested knowledge for /app/data/b2c/9652/b589510/rialto-ocdm-9652/library/include/MessageDispatcher.h
2025-08-22 05:12:14,606 - Knowledge - INFO - Found code-base-name: https://github.com/kavia-common/rialto-ocdm-9652.git:kavia-6.0.0-rc1
2025-08-22 05:12:14,607 - Knowledge - INFO - Found code_base: <app.utils.kg_build.knowledge.KnowledgeCodeBase object at 0x7fdac7626890>
2025-08-22 05:12:14,670 - Knowledge - INFO - persist ingested knowledge for /app/data/b2c/9652/b589510/rialto-ocdm-9652/library/include/MessageDispatcher.h
2025-08-22 05:12:16,473 - Knowledge - INFO - persist search terms embedding for library/include/MessageDispatcher.h
2025-08-22 05:12:16,569 - Knowledge - INFO - worker kw15 pull /app/data/b2c/9652/b589510/rialto-ocdm-9652/library/source/OpenCDMSystemPrivate.cpp from ingest queue
2025-08-22 05:12:16,570 - Knowledge - INFO - Thread kw15 - File OpenCDMSystemPrivate.cpp - Remaining files in queue: 15
2025-08-22 05:12:16,570 - Knowledge - INFO - start ingest for /app/data/b2c/9652/b589510/rialto-ocdm-9652/library/source/OpenCDMSystemPrivate.cpp
2025-08-22 05:12:27,489 - Knowledge - INFO - done ingest for /app/data/b2c/9652/b589510/rialto-ocdm-9652/library/include/OpenCDMSession.h
2025-08-22 05:12:27,775 - Knowledge - INFO - process ingested knowledge for /app/data/b2c/9652/b589510/rialto-ocdm-9652/library/include/OpenCDMSession.h
2025-08-22 05:12:27,775 - Knowledge - INFO - Found code-base-name: https://github.com/kavia-common/rialto-ocdm-9652.git:kavia-6.0.0-rc1
2025-08-22 05:12:27,775 - Knowledge - INFO - Found code_base: <app.utils.kg_build.knowledge.KnowledgeCodeBase object at 0x7fdac7626890>
2025-08-22 05:12:27,775 - Knowledge - INFO - persist ingested knowledge for /app/data/b2c/9652/b589510/rialto-ocdm-9652/library/include/OpenCDMSession.h
2025-08-22 05:12:28,377 - Knowledge - INFO - done ingest for /app/data/b2c/9652/b589510/rialto-ocdm-9652/tests/third-party/source/MediaKeysFactory.cpp
2025-08-22 05:12:28,873 - Knowledge - INFO - process ingested knowledge for /app/data/b2c/9652/b589510/rialto-ocdm-9652/tests/third-party/source/MediaKeysFactory.cpp
2025-08-22 05:12:29,681 - Knowledge - INFO - persist search terms embedding for library/include/OpenCDMSession.h
2025-08-22 05:12:29,687 - Knowledge - INFO - Found code-base-name: https://github.com/kavia-common/rialto-ocdm-9652.git:kavia-6.0.0-rc1
2025-08-22 05:12:29,687 - Knowledge - INFO - Found code_base: <app.utils.kg_build.knowledge.KnowledgeCodeBase object at 0x7fdac7626890>
2025-08-22 05:12:29,687 - Knowledge - INFO - persist ingested knowledge for /app/data/b2c/9652/b589510/rialto-ocdm-9652/tests/third-party/source/MediaKeysFactory.cpp
2025-08-22 05:12:31,490 - Knowledge - INFO - persist search terms embedding for tests/third-party/source/MediaKeysFactory.cpp
2025-08-22 05:12:31,569 - Knowledge - INFO - worker kw3 pull /app/data/b2c/9652/b589510/rialto-ocdm-9652/tests/ut/OpenCdmTests.cpp from ingest queue
2025-08-22 05:12:31,569 - Knowledge - INFO - Thread kw3 - File OpenCdmTests.cpp - Remaining files in queue: 14
2025-08-22 05:12:31,569 - Knowledge - INFO - start ingest for /app/data/b2c/9652/b589510/rialto-ocdm-9652/tests/ut/OpenCdmTests.cpp
2025-08-22 05:12:31,570 - Knowledge - INFO - worker kw22 pull /app/data/b2c/9652/b589510/rialto-ocdm-9652/tests/ut/ActiveSessionsTests.cpp from ingest queue
2025-08-22 05:12:31,570 - Knowledge - INFO - Thread kw22 - File ActiveSessionsTests.cpp - Remaining files in queue: 13
2025-08-22 05:12:31,570 - Knowledge - INFO - start ingest for /app/data/b2c/9652/b589510/rialto-ocdm-9652/tests/ut/ActiveSessionsTests.cpp
2025-08-22 05:12:47,779 - Knowledge - INFO - done ingest for /app/data/b2c/9652/b589510/rialto-ocdm-9652/tests/third-party/source/ControlFactory.cpp
2025-08-22 05:12:47,987 - Knowledge - INFO - process ingested knowledge for /app/data/b2c/9652/b589510/rialto-ocdm-9652/tests/third-party/source/ControlFactory.cpp
2025-08-22 05:12:47,987 - Knowledge - INFO - Found code-base-name: https://github.com/kavia-common/rialto-ocdm-9652.git:kavia-6.0.0-rc1
2025-08-22 05:12:47,987 - Knowledge - INFO - Found code_base: <app.utils.kg_build.knowledge.KnowledgeCodeBase object at 0x7fdac7626890>
2025-08-22 05:12:47,987 - Knowledge - INFO - persist ingested knowledge for /app/data/b2c/9652/b589510/rialto-ocdm-9652/tests/third-party/source/ControlFactory.cpp
2025-08-22 05:12:49,992 - Knowledge - ERROR - _service_ingest_queue had exception  for file /app/data/b2c/9652/b589510/rialto-ocdm-9652/scripts/cpplint/cpplint.py
Traceback (most recent call last):
  File "/usr/local/lib/python3.11/asyncio/tasks.py", line 500, in wait_for
    return fut.result()
           ^^^^^^^^^^^^
  File "/app/app/utils/kg_build/knowledge.py", line 1723, in _ingest_file
    response = await llm.llm_interaction_wrapper(
               ^^^^^^^^^^^^^^^^^^^^^^^^^^^^^^^^^^
  File "/usr/local/lib/python3.11/site-packages/llm_wrapper/core/llm_interface.py", line 341, in llm_interaction_wrapper
    completion = await invoke_llm()
                 ^^^^^^^^^^^^^^^^^^
  File "/usr/local/lib/python3.11/site-packages/llm_wrapper/core/llm_interface.py", line 287, in invoke_llm
    return await loop.run_in_executor(None, blocking_call_wrapper)
           ^^^^^^^^^^^^^^^^^^^^^^^^^^^^^^^^^^^^^^^^^^^^^^^^^^^^^^^
asyncio.exceptions.CancelledError

The above exception was the direct cause of the following exception:

Traceback (most recent call last):
  File "/app/app/utils/kg_build/knowledge.py", line 324, in _service_ingest_queue
    file_info = self.loop_worker.run_until_complete(asyncio.wait_for( knowledge._ingest_file(filename, self.mongo_handler), knowledge.timeout))
                ^^^^^^^^^^^^^^^^^^^^^^^^^^^^^^^^^^^^^^^^^^^^^^^^^^^^^^^^^^^^^^^^^^^^^^^^^^^^^^^^^^^^^^^^^^^^^^^^^^^^^^^^^^^^^^^^^^^^^^^^^^^^^^^
  File "/usr/local/lib/python3.11/asyncio/base_events.py", line 654, in run_until_complete
    return future.result()
           ^^^^^^^^^^^^^^^
  File "/usr/local/lib/python3.11/asyncio/tasks.py", line 502, in wait_for
    raise exceptions.TimeoutError() from exc
TimeoutError
2025-08-22 05:12:50,100 - Knowledge - INFO - persist search terms embedding for tests/third-party/source/ControlFactory.cpp
2025-08-22 05:12:50,265 - Knowledge - INFO - worker kw1 pull /app/data/b2c/9652/b589510/rialto-ocdm-9652/tests/mocks/OcdmSessionsCallbacksMock.h from ingest queue
2025-08-22 05:12:50,265 - Knowledge - INFO - Thread kw1 - File OcdmSessionsCallbacksMock.h - Remaining files in queue: 12
2025-08-22 05:12:50,265 - Knowledge - INFO - start ingest for /app/data/b2c/9652/b589510/rialto-ocdm-9652/tests/mocks/OcdmSessionsCallbacksMock.h
2025-08-22 05:12:50,385 - Knowledge - INFO - process ingested knowledge for /app/data/b2c/9652/b589510/rialto-ocdm-9652/scripts/cpplint/cpplint.py
2025-08-22 05:12:50,385 - Knowledge - INFO - Found code-base-name: https://github.com/kavia-common/rialto-ocdm-9652.git:kavia-6.0.0-rc1
2025-08-22 05:12:50,385 - Knowledge - INFO - Found code_base: <app.utils.kg_build.knowledge.KnowledgeCodeBase object at 0x7fdac7626890>
2025-08-22 05:12:50,386 - Knowledge - INFO - persist ingested knowledge for /app/data/b2c/9652/b589510/rialto-ocdm-9652/scripts/cpplint/cpplint.py
2025-08-22 05:12:50,984 - Knowledge - INFO - worker kw17 pull /app/data/b2c/9652/b589510/rialto-ocdm-9652/tests/mocks/MediaKeysMock.h from ingest queue
2025-08-22 05:12:50,985 - Knowledge - INFO - Thread kw17 - File MediaKeysMock.h - Remaining files in queue: 11
2025-08-22 05:12:50,985 - Knowledge - INFO - start ingest for /app/data/b2c/9652/b589510/rialto-ocdm-9652/tests/mocks/MediaKeysMock.h
2025-08-22 05:13:02,277 - Knowledge - INFO - done ingest for /app/data/b2c/9652/b589510/rialto-ocdm-9652/library/include/ICdmBackend.h
2025-08-22 05:13:02,478 - Knowledge - INFO - process ingested knowledge for /app/data/b2c/9652/b589510/rialto-ocdm-9652/library/include/ICdmBackend.h
2025-08-22 05:13:02,478 - Knowledge - INFO - Found code-base-name: https://github.com/kavia-common/rialto-ocdm-9652.git:kavia-6.0.0-rc1
2025-08-22 05:13:02,478 - Knowledge - INFO - Found code_base: <app.utils.kg_build.knowledge.KnowledgeCodeBase object at 0x7fdac7626890>
2025-08-22 05:13:02,478 - Knowledge - INFO - persist ingested knowledge for /app/data/b2c/9652/b589510/rialto-ocdm-9652/library/include/ICdmBackend.h
2025-08-22 05:13:03,574 - Knowledge - INFO - done ingest for /app/data/b2c/9652/b589510/rialto-ocdm-9652/library/include/OpenCDMSystemPrivate.h
2025-08-22 05:13:03,868 - Knowledge - INFO - process ingested knowledge for /app/data/b2c/9652/b589510/rialto-ocdm-9652/library/include/OpenCDMSystemPrivate.h
2025-08-22 05:13:05,077 - Knowledge - INFO - persist search terms embedding for library/include/ICdmBackend.h
2025-08-22 05:13:05,078 - Knowledge - INFO - Found code-base-name: https://github.com/kavia-common/rialto-ocdm-9652.git:kavia-6.0.0-rc1
2025-08-22 05:13:05,078 - Knowledge - INFO - Found code_base: <app.utils.kg_build.knowledge.KnowledgeCodeBase object at 0x7fdac7626890>
2025-08-22 05:13:05,078 - Knowledge - INFO - persist ingested knowledge for /app/data/b2c/9652/b589510/rialto-ocdm-9652/library/include/OpenCDMSystemPrivate.h
2025-08-22 05:13:07,180 - Knowledge - INFO - persist search terms embedding for library/include/OpenCDMSystemPrivate.h
2025-08-22 05:13:07,181 - Knowledge - INFO - worker kw5 pull /app/data/b2c/9652/b589510/rialto-ocdm-9652/tests/mocks/OpenCDMSessionMock.h from ingest queue
2025-08-22 05:13:07,181 - Knowledge - INFO - Thread kw5 - File OpenCDMSessionMock.h - Remaining files in queue: 10
2025-08-22 05:13:07,181 - Knowledge - INFO - start ingest for /app/data/b2c/9652/b589510/rialto-ocdm-9652/tests/mocks/OpenCDMSessionMock.h
2025-08-22 05:13:07,190 - Knowledge - INFO - worker kw6 pull /app/data/b2c/9652/b589510/rialto-ocdm-9652/tests/mocks/MessageDispatcherMock.h from ingest queue
2025-08-22 05:13:07,190 - Knowledge - INFO - Thread kw6 - File MessageDispatcherMock.h - Remaining files in queue: 9
2025-08-22 05:13:07,267 - Knowledge - INFO - start ingest for /app/data/b2c/9652/b589510/rialto-ocdm-9652/tests/mocks/MessageDispatcherMock.h
2025-08-22 05:13:10,769 - Knowledge - INFO - done ingest for /app/data/b2c/9652/b589510/rialto-ocdm-9652/tests/third-party/source/OcdmSessionsCallbacks.cpp
2025-08-22 05:13:10,971 - Knowledge - INFO - process ingested knowledge for /app/data/b2c/9652/b589510/rialto-ocdm-9652/tests/third-party/source/OcdmSessionsCallbacks.cpp
2025-08-22 05:13:10,971 - Knowledge - INFO - Found code-base-name: https://github.com/kavia-common/rialto-ocdm-9652.git:kavia-6.0.0-rc1
2025-08-22 05:13:10,971 - Knowledge - INFO - Found code_base: <app.utils.kg_build.knowledge.KnowledgeCodeBase object at 0x7fdac7626890>
2025-08-22 05:13:10,971 - Knowledge - INFO - persist ingested knowledge for /app/data/b2c/9652/b589510/rialto-ocdm-9652/tests/third-party/source/OcdmSessionsCallbacks.cpp
2025-08-22 05:13:12,664 - Knowledge - INFO - persist search terms embedding for tests/third-party/source/OcdmSessionsCallbacks.cpp
2025-08-22 05:13:12,664 - Knowledge - INFO - worker kw11 pull /app/data/b2c/9652/b589510/rialto-ocdm-9652/tests/mocks/MessageDispatcherClientMock.h from ingest queue
2025-08-22 05:13:12,664 - Knowledge - INFO - Thread kw11 - File MessageDispatcherClientMock.h - Remaining files in queue: 8
2025-08-22 05:13:12,665 - Knowledge - INFO - start ingest for /app/data/b2c/9652/b589510/rialto-ocdm-9652/tests/mocks/MessageDispatcherClientMock.h
2025-08-22 05:13:18,285 - Knowledge - INFO - done ingest for /app/data/b2c/9652/b589510/rialto-ocdm-9652/tests/ut/LoggerTests.cpp
2025-08-22 05:13:18,476 - Knowledge - INFO - process ingested knowledge for /app/data/b2c/9652/b589510/rialto-ocdm-9652/tests/ut/LoggerTests.cpp
2025-08-22 05:13:18,476 - Knowledge - INFO - Found code-base-name: https://github.com/kavia-common/rialto-ocdm-9652.git:kavia-6.0.0-rc1
2025-08-22 05:13:18,477 - Knowledge - INFO - Found code_base: <app.utils.kg_build.knowledge.KnowledgeCodeBase object at 0x7fdac7626890>
2025-08-22 05:13:18,477 - Knowledge - INFO - persist ingested knowledge for /app/data/b2c/9652/b589510/rialto-ocdm-9652/tests/ut/LoggerTests.cpp
2025-08-22 05:13:20,580 - Knowledge - INFO - persist search terms embedding for tests/ut/LoggerTests.cpp
2025-08-22 05:13:20,669 - Knowledge - INFO - worker kw19 pull /app/data/b2c/9652/b589510/rialto-ocdm-9652/CONTRIBUTING.md from ingest queue
2025-08-22 05:13:20,669 - Knowledge - INFO - Thread kw19 - File CONTRIBUTING.md - Remaining files in queue: 7
2025-08-22 05:13:20,669 - Knowledge - INFO - start ingest for /app/data/b2c/9652/b589510/rialto-ocdm-9652/CONTRIBUTING.md
2025-08-22 05:13:20,687 - Knowledge - INFO - Fast-track processing for simple file: /app/data/b2c/9652/b589510/rialto-ocdm-9652/CONTRIBUTING.md
2025-08-22 05:13:20,687 - Knowledge - INFO - done fast ingest for /app/data/b2c/9652/b589510/rialto-ocdm-9652/CONTRIBUTING.md
2025-08-22 05:13:20,688 - Knowledge - INFO - process ingested knowledge for /app/data/b2c/9652/b589510/rialto-ocdm-9652/CONTRIBUTING.md
2025-08-22 05:13:20,688 - Knowledge - INFO - Found code-base-name: https://github.com/kavia-common/rialto-ocdm-9652.git:kavia-6.0.0-rc1
2025-08-22 05:13:20,688 - Knowledge - INFO - Found code_base: <app.utils.kg_build.knowledge.KnowledgeCodeBase object at 0x7fdac7626890>
2025-08-22 05:13:20,688 - Knowledge - INFO - persist ingested knowledge for /app/data/b2c/9652/b589510/rialto-ocdm-9652/CONTRIBUTING.md
2025-08-22 05:13:21,781 - Knowledge - INFO - worker kw19 pull /app/data/b2c/9652/b589510/rialto-ocdm-9652/tests/mocks/MediaKeysClientMock.h from ingest queue
2025-08-22 05:13:21,781 - Knowledge - INFO - Thread kw19 - File MediaKeysClientMock.h - Remaining files in queue: 6
2025-08-22 05:13:21,781 - Knowledge - INFO - start ingest for /app/data/b2c/9652/b589510/rialto-ocdm-9652/tests/mocks/MediaKeysClientMock.h
2025-08-22 05:14:04,772 - Knowledge - INFO - done ingest for /app/data/b2c/9652/b589510/rialto-ocdm-9652/tests/ut/MessageDispatcherTests.cpp
2025-08-22 05:14:05,063 - Knowledge - INFO - process ingested knowledge for /app/data/b2c/9652/b589510/rialto-ocdm-9652/tests/ut/MessageDispatcherTests.cpp
2025-08-22 05:14:05,064 - Knowledge - INFO - Found code-base-name: https://github.com/kavia-common/rialto-ocdm-9652.git:kavia-6.0.0-rc1
2025-08-22 05:14:05,064 - Knowledge - INFO - Found code_base: <app.utils.kg_build.knowledge.KnowledgeCodeBase object at 0x7fdac7626890>
2025-08-22 05:14:05,064 - Knowledge - INFO - persist ingested knowledge for /app/data/b2c/9652/b589510/rialto-ocdm-9652/tests/ut/MessageDispatcherTests.cpp
2025-08-22 05:14:07,164 - Knowledge - INFO - persist search terms embedding for tests/ut/MessageDispatcherTests.cpp
2025-08-22 05:14:07,179 - Knowledge - INFO - worker kw10 pull /app/data/b2c/9652/b589510/rialto-ocdm-9652/CHANGELOG.md from ingest queue
2025-08-22 05:14:07,179 - Knowledge - INFO - Thread kw10 - File CHANGELOG.md - Remaining files in queue: 5
2025-08-22 05:14:07,180 - Knowledge - INFO - start ingest for /app/data/b2c/9652/b589510/rialto-ocdm-9652/CHANGELOG.md
2025-08-22 05:14:07,190 - Knowledge - INFO - Fast-track processing for simple file: /app/data/b2c/9652/b589510/rialto-ocdm-9652/CHANGELOG.md
2025-08-22 05:14:07,191 - Knowledge - INFO - done fast ingest for /app/data/b2c/9652/b589510/rialto-ocdm-9652/CHANGELOG.md
2025-08-22 05:14:07,191 - Knowledge - INFO - process ingested knowledge for /app/data/b2c/9652/b589510/rialto-ocdm-9652/CHANGELOG.md
2025-08-22 05:14:07,191 - Knowledge - INFO - Found code-base-name: https://github.com/kavia-common/rialto-ocdm-9652.git:kavia-6.0.0-rc1
2025-08-22 05:14:07,191 - Knowledge - INFO - Found code_base: <app.utils.kg_build.knowledge.KnowledgeCodeBase object at 0x7fdac7626890>
2025-08-22 05:14:07,191 - Knowledge - INFO - persist ingested knowledge for /app/data/b2c/9652/b589510/rialto-ocdm-9652/CHANGELOG.md
2025-08-22 05:14:08,073 - Knowledge - INFO - worker kw10 pull /app/data/b2c/9652/b589510/rialto-ocdm-9652/tests/mocks/CMakeLists.txt from ingest queue
2025-08-22 05:14:08,073 - Knowledge - INFO - Thread kw10 - File CMakeLists.txt - Remaining files in queue: 4
2025-08-22 05:14:08,073 - Knowledge - INFO - start ingest for /app/data/b2c/9652/b589510/rialto-ocdm-9652/tests/mocks/CMakeLists.txt
2025-08-22 05:14:08,179 - Knowledge - INFO - Fast-track processing for simple file: /app/data/b2c/9652/b589510/rialto-ocdm-9652/tests/mocks/CMakeLists.txt
2025-08-22 05:14:08,180 - Knowledge - INFO - done fast ingest for /app/data/b2c/9652/b589510/rialto-ocdm-9652/tests/mocks/CMakeLists.txt
2025-08-22 05:14:08,183 - Knowledge - INFO - process ingested knowledge for /app/data/b2c/9652/b589510/rialto-ocdm-9652/tests/mocks/CMakeLists.txt
2025-08-22 05:14:08,183 - Knowledge - INFO - Found code-base-name: https://github.com/kavia-common/rialto-ocdm-9652.git:kavia-6.0.0-rc1
2025-08-22 05:14:08,183 - Knowledge - INFO - Found code_base: <app.utils.kg_build.knowledge.KnowledgeCodeBase object at 0x7fdac7626890>
2025-08-22 05:14:08,184 - Knowledge - INFO - persist ingested knowledge for /app/data/b2c/9652/b589510/rialto-ocdm-9652/tests/mocks/CMakeLists.txt
2025-08-22 05:14:09,367 - Knowledge - INFO - worker kw10 pull /app/data/b2c/9652/b589510/rialto-ocdm-9652/tests/mocks/OpenCDMSystemMock.h from ingest queue
2025-08-22 05:14:09,367 - Knowledge - INFO - Thread kw10 - File OpenCDMSystemMock.h - Remaining files in queue: 3
2025-08-22 05:14:09,367 - Knowledge - INFO - start ingest for /app/data/b2c/9652/b589510/rialto-ocdm-9652/tests/mocks/OpenCDMSystemMock.h
2025-08-22 05:14:28,382 - Knowledge - INFO - done ingest for /app/data/b2c/9652/b589510/rialto-ocdm-9652/library/source/Logger.cpp
2025-08-22 05:14:28,568 - Knowledge - INFO - process ingested knowledge for /app/data/b2c/9652/b589510/rialto-ocdm-9652/library/source/Logger.cpp
2025-08-22 05:14:28,569 - Knowledge - INFO - Found code-base-name: https://github.com/kavia-common/rialto-ocdm-9652.git:kavia-6.0.0-rc1
2025-08-22 05:14:28,569 - Knowledge - INFO - Found code_base: <app.utils.kg_build.knowledge.KnowledgeCodeBase object at 0x7fdac7626890>
2025-08-22 05:14:28,569 - Knowledge - INFO - persist ingested knowledge for /app/data/b2c/9652/b589510/rialto-ocdm-9652/library/source/Logger.cpp
2025-08-22 05:14:30,766 - Knowledge - INFO - persist search terms embedding for library/source/Logger.cpp
2025-08-22 05:14:30,772 - Knowledge - INFO - worker kw16 pull /app/data/b2c/9652/b589510/rialto-ocdm-9652/build_ut.py from ingest queue
2025-08-22 05:14:30,772 - Knowledge - INFO - Thread kw16 - File build_ut.py - Remaining files in queue: 2
2025-08-22 05:14:30,772 - Knowledge - INFO - start ingest for /app/data/b2c/9652/b589510/rialto-ocdm-9652/build_ut.py
2025-08-22 05:14:33,178 - Knowledge - INFO - done ingest for /app/data/b2c/9652/b589510/rialto-ocdm-9652/library/include/CdmBackend.h
2025-08-22 05:14:33,283 - Knowledge - INFO - process ingested knowledge for /app/data/b2c/9652/b589510/rialto-ocdm-9652/library/include/CdmBackend.h
2025-08-22 05:14:33,283 - Knowledge - INFO - Found code-base-name: https://github.com/kavia-common/rialto-ocdm-9652.git:kavia-6.0.0-rc1
2025-08-22 05:14:33,283 - Knowledge - INFO - Found code_base: <app.utils.kg_build.knowledge.KnowledgeCodeBase object at 0x7fdac7626890>
2025-08-22 05:14:33,283 - Knowledge - INFO - persist ingested knowledge for /app/data/b2c/9652/b589510/rialto-ocdm-9652/library/include/CdmBackend.h
2025-08-22 05:14:35,065 - Knowledge - INFO - done ingest for /app/data/b2c/9652/b589510/rialto-ocdm-9652/tests/ut/MediaKeysCapabilitiesBackendTests.cpp
2025-08-22 05:14:35,371 - Knowledge - INFO - process ingested knowledge for /app/data/b2c/9652/b589510/rialto-ocdm-9652/tests/ut/MediaKeysCapabilitiesBackendTests.cpp
2025-08-22 05:14:35,974 - Knowledge - INFO - persist search terms embedding for library/include/CdmBackend.h
2025-08-22 05:14:35,979 - Knowledge - INFO - Found code-base-name: https://github.com/kavia-common/rialto-ocdm-9652.git:kavia-6.0.0-rc1
2025-08-22 05:14:35,979 - Knowledge - INFO - Found code_base: <app.utils.kg_build.knowledge.KnowledgeCodeBase object at 0x7fdac7626890>
2025-08-22 05:14:35,979 - Knowledge - INFO - persist ingested knowledge for /app/data/b2c/9652/b589510/rialto-ocdm-9652/tests/ut/MediaKeysCapabilitiesBackendTests.cpp
2025-08-22 05:14:37,172 - Knowledge - INFO - done ingest for /app/data/b2c/9652/b589510/rialto-ocdm-9652/tests/mocks/MessageDispatcherClientMock.h
2025-08-22 05:14:37,480 - Knowledge - INFO - process ingested knowledge for /app/data/b2c/9652/b589510/rialto-ocdm-9652/tests/mocks/MessageDispatcherClientMock.h
2025-08-22 05:14:37,797 - Knowledge - INFO - persist search terms embedding for tests/ut/MediaKeysCapabilitiesBackendTests.cpp
2025-08-22 05:14:37,867 - Knowledge - INFO - worker kw2 pull /app/data/b2c/9652/b589510/rialto-ocdm-9652/tests/mocks/ControlMock.h from ingest queue
2025-08-22 05:14:37,867 - Knowledge - INFO - Thread kw2 - File ControlMock.h - Remaining files in queue: 1
2025-08-22 05:14:37,867 - Knowledge - INFO - start ingest for /app/data/b2c/9652/b589510/rialto-ocdm-9652/tests/mocks/ControlMock.h
2025-08-22 05:14:37,870 - Knowledge - INFO - Found code-base-name: https://github.com/kavia-common/rialto-ocdm-9652.git:kavia-6.0.0-rc1
2025-08-22 05:14:37,870 - Knowledge - INFO - Found code_base: <app.utils.kg_build.knowledge.KnowledgeCodeBase object at 0x7fdac7626890>
2025-08-22 05:14:37,870 - Knowledge - INFO - persist ingested knowledge for /app/data/b2c/9652/b589510/rialto-ocdm-9652/tests/mocks/MessageDispatcherClientMock.h
2025-08-22 05:14:40,178 - Knowledge - INFO - persist search terms embedding for tests/mocks/MessageDispatcherClientMock.h
2025-08-22 05:14:40,280 - Knowledge - INFO - worker kw11 pull /app/data/b2c/9652/b589510/rialto-ocdm-9652/tests/mocks/MediaKeysCapabilitiesMock.h from ingest queue
2025-08-22 05:14:40,280 - Knowledge - INFO - Thread kw11 - File MediaKeysCapabilitiesMock.h - Remaining files in queue: 0
2025-08-22 05:14:40,280 - Knowledge - INFO - start ingest for /app/data/b2c/9652/b589510/rialto-ocdm-9652/tests/mocks/MediaKeysCapabilitiesMock.h
2025-08-22 05:15:09,978 - Knowledge - INFO - done ingest for /app/data/b2c/9652/b589510/rialto-ocdm-9652/library/source/MediaKeysCapabilitiesBackend.cpp
2025-08-22 05:15:10,381 - Knowledge - INFO - process ingested knowledge for /app/data/b2c/9652/b589510/rialto-ocdm-9652/library/source/MediaKeysCapabilitiesBackend.cpp
2025-08-22 05:15:10,463 - Knowledge - INFO - Found code-base-name: https://github.com/kavia-common/rialto-ocdm-9652.git:kavia-6.0.0-rc1
2025-08-22 05:15:10,464 - Knowledge - INFO - Found code_base: <app.utils.kg_build.knowledge.KnowledgeCodeBase object at 0x7fdac7626890>
2025-08-22 05:15:10,464 - Knowledge - INFO - persist ingested knowledge for /app/data/b2c/9652/b589510/rialto-ocdm-9652/library/source/MediaKeysCapabilitiesBackend.cpp
2025-08-22 05:15:12,585 - Knowledge - INFO - persist search terms embedding for library/source/MediaKeysCapabilitiesBackend.cpp
2025-08-22 05:15:40,086 - Knowledge - INFO - done ingest for /app/data/b2c/9652/b589510/rialto-ocdm-9652/tests/mocks/MessageDispatcherMock.h
2025-08-22 05:15:40,381 - Knowledge - INFO - process ingested knowledge for /app/data/b2c/9652/b589510/rialto-ocdm-9652/tests/mocks/MessageDispatcherMock.h
2025-08-22 05:15:40,469 - Knowledge - INFO - Found code-base-name: https://github.com/kavia-common/rialto-ocdm-9652.git:kavia-6.0.0-rc1
2025-08-22 05:15:40,469 - Knowledge - INFO - Found code_base: <app.utils.kg_build.knowledge.KnowledgeCodeBase object at 0x7fdac7626890>
2025-08-22 05:15:40,469 - Knowledge - INFO - persist ingested knowledge for /app/data/b2c/9652/b589510/rialto-ocdm-9652/tests/mocks/MessageDispatcherMock.h
2025-08-22 05:15:42,369 - Knowledge - INFO - persist search terms embedding for tests/mocks/MessageDispatcherMock.h
2025-08-22 05:15:51,976 - Knowledge - INFO - done ingest for /app/data/b2c/9652/b589510/rialto-ocdm-9652/tests/ut/CdmBackendTests.cpp
2025-08-22 05:15:52,270 - Knowledge - INFO - process ingested knowledge for /app/data/b2c/9652/b589510/rialto-ocdm-9652/tests/ut/CdmBackendTests.cpp
2025-08-22 05:15:52,477 - Knowledge - INFO - Found code-base-name: https://github.com/kavia-common/rialto-ocdm-9652.git:kavia-6.0.0-rc1
2025-08-22 05:15:52,477 - Knowledge - INFO - Found code_base: <app.utils.kg_build.knowledge.KnowledgeCodeBase object at 0x7fdac7626890>
2025-08-22 05:15:52,477 - Knowledge - INFO - persist ingested knowledge for /app/data/b2c/9652/b589510/rialto-ocdm-9652/tests/ut/CdmBackendTests.cpp
2025-08-22 05:15:54,876 - Knowledge - INFO - done ingest for /app/data/b2c/9652/b589510/rialto-ocdm-9652/tests/ut/OpenCdmAdapterTests.cpp
2025-08-22 05:15:55,270 - Knowledge - INFO - process ingested knowledge for /app/data/b2c/9652/b589510/rialto-ocdm-9652/tests/ut/OpenCdmAdapterTests.cpp
2025-08-22 05:15:55,272 - Knowledge - INFO - persist search terms embedding for tests/ut/CdmBackendTests.cpp
2025-08-22 05:15:55,364 - Knowledge - INFO - Found code-base-name: https://github.com/kavia-common/rialto-ocdm-9652.git:kavia-6.0.0-rc1
2025-08-22 05:15:55,364 - Knowledge - INFO - Found code_base: <app.utils.kg_build.knowledge.KnowledgeCodeBase object at 0x7fdac7626890>
2025-08-22 05:15:55,364 - Knowledge - INFO - persist ingested knowledge for /app/data/b2c/9652/b589510/rialto-ocdm-9652/tests/ut/OpenCdmAdapterTests.cpp
2025-08-22 05:15:57,167 - Knowledge - INFO - persist search terms embedding for tests/ut/OpenCdmAdapterTests.cpp
2025-08-22 05:16:03,673 - Knowledge - INFO - done ingest for /app/data/b2c/9652/b589510/rialto-ocdm-9652/library/include/OpenCDMSessionPrivate.h
2025-08-22 05:16:03,875 - Knowledge - INFO - process ingested knowledge for /app/data/b2c/9652/b589510/rialto-ocdm-9652/library/include/OpenCDMSessionPrivate.h
2025-08-22 05:16:03,973 - Knowledge - INFO - Found code-base-name: https://github.com/kavia-common/rialto-ocdm-9652.git:kavia-6.0.0-rc1
2025-08-22 05:16:03,973 - Knowledge - INFO - Found code_base: <app.utils.kg_build.knowledge.KnowledgeCodeBase object at 0x7fdac7626890>
2025-08-22 05:16:03,973 - Knowledge - INFO - persist ingested knowledge for /app/data/b2c/9652/b589510/rialto-ocdm-9652/library/include/OpenCDMSessionPrivate.h
2025-08-22 05:16:09,074 - Knowledge - INFO - persist search terms embedding for library/include/OpenCDMSessionPrivate.h
2025-08-22 05:16:14,183 - Knowledge - INFO - done ingest for /app/data/b2c/9652/b589510/rialto-ocdm-9652/tests/mocks/OcdmSessionsCallbacksMock.h
2025-08-22 05:16:14,771 - Knowledge - INFO - process ingested knowledge for /app/data/b2c/9652/b589510/rialto-ocdm-9652/tests/mocks/OcdmSessionsCallbacksMock.h
2025-08-22 05:16:14,875 - Knowledge - INFO - Found code-base-name: https://github.com/kavia-common/rialto-ocdm-9652.git:kavia-6.0.0-rc1
2025-08-22 05:16:14,875 - Knowledge - INFO - Found code_base: <app.utils.kg_build.knowledge.KnowledgeCodeBase object at 0x7fdac7626890>
2025-08-22 05:16:14,875 - Knowledge - INFO - persist ingested knowledge for /app/data/b2c/9652/b589510/rialto-ocdm-9652/tests/mocks/OcdmSessionsCallbacksMock.h
2025-08-22 05:16:15,074 - Knowledge - INFO - done ingest for /app/data/b2c/9652/b589510/rialto-ocdm-9652/library/source/CdmBackend.cpp
2025-08-22 05:16:15,667 - Knowledge - INFO - process ingested knowledge for /app/data/b2c/9652/b589510/rialto-ocdm-9652/library/source/CdmBackend.cpp
2025-08-22 05:16:17,469 - Knowledge - INFO - persist search terms embedding for tests/mocks/OcdmSessionsCallbacksMock.h
2025-08-22 05:16:17,492 - Knowledge - INFO - Found code-base-name: https://github.com/kavia-common/rialto-ocdm-9652.git:kavia-6.0.0-rc1
2025-08-22 05:16:17,492 - Knowledge - INFO - Found code_base: <app.utils.kg_build.knowledge.KnowledgeCodeBase object at 0x7fdac7626890>
2025-08-22 05:16:17,492 - Knowledge - INFO - persist ingested knowledge for /app/data/b2c/9652/b589510/rialto-ocdm-9652/library/source/CdmBackend.cpp
2025-08-22 05:16:18,873 - Knowledge - INFO - done ingest for /app/data/b2c/9652/b589510/rialto-ocdm-9652/tests/mocks/MediaKeysClientMock.h
2025-08-22 05:16:19,363 - Knowledge - INFO - process ingested knowledge for /app/data/b2c/9652/b589510/rialto-ocdm-9652/tests/mocks/MediaKeysClientMock.h
2025-08-22 05:16:19,773 - Knowledge - INFO - persist search terms embedding for library/source/CdmBackend.cpp
2025-08-22 05:16:20,168 - Knowledge - INFO - Found code-base-name: https://github.com/kavia-common/rialto-ocdm-9652.git:kavia-6.0.0-rc1
2025-08-22 05:16:20,169 - Knowledge - INFO - Found code_base: <app.utils.kg_build.knowledge.KnowledgeCodeBase object at 0x7fdac7626890>
2025-08-22 05:16:20,169 - Knowledge - INFO - persist ingested knowledge for /app/data/b2c/9652/b589510/rialto-ocdm-9652/tests/mocks/MediaKeysClientMock.h
2025-08-22 05:16:22,881 - Knowledge - INFO - persist search terms embedding for tests/mocks/MediaKeysClientMock.h
2025-08-22 05:16:58,471 - Knowledge - INFO - done ingest for /app/data/b2c/9652/b589510/rialto-ocdm-9652/tests/ut/ActiveSessionsTests.cpp
2025-08-22 05:16:58,684 - Knowledge - INFO - process ingested knowledge for /app/data/b2c/9652/b589510/rialto-ocdm-9652/tests/ut/ActiveSessionsTests.cpp
2025-08-22 05:16:59,063 - Knowledge - INFO - Found code-base-name: https://github.com/kavia-common/rialto-ocdm-9652.git:kavia-6.0.0-rc1
2025-08-22 05:16:59,063 - Knowledge - INFO - Found code_base: <app.utils.kg_build.knowledge.KnowledgeCodeBase object at 0x7fdac7626890>
2025-08-22 05:16:59,063 - Knowledge - INFO - persist ingested knowledge for /app/data/b2c/9652/b589510/rialto-ocdm-9652/tests/ut/ActiveSessionsTests.cpp
2025-08-22 05:17:01,877 - Knowledge - INFO - persist search terms embedding for tests/ut/ActiveSessionsTests.cpp
2025-08-22 05:17:02,983 - Knowledge - INFO - done ingest for /app/data/b2c/9652/b589510/rialto-ocdm-9652/tests/ut/OpenCdmSystemTests.cpp
2025-08-22 05:17:03,364 - Knowledge - INFO - process ingested knowledge for /app/data/b2c/9652/b589510/rialto-ocdm-9652/tests/ut/OpenCdmSystemTests.cpp
2025-08-22 05:17:03,971 - Knowledge - INFO - Found code-base-name: https://github.com/kavia-common/rialto-ocdm-9652.git:kavia-6.0.0-rc1
2025-08-22 05:17:03,971 - Knowledge - INFO - Found code_base: <app.utils.kg_build.knowledge.KnowledgeCodeBase object at 0x7fdac7626890>
2025-08-22 05:17:03,971 - Knowledge - INFO - persist ingested knowledge for /app/data/b2c/9652/b589510/rialto-ocdm-9652/tests/ut/OpenCdmSystemTests.cpp
2025-08-22 05:17:06,065 - Knowledge - INFO - persist search terms embedding for tests/ut/OpenCdmSystemTests.cpp
2025-08-22 05:17:25,278 - Knowledge - INFO - done ingest for /app/data/b2c/9652/b589510/rialto-ocdm-9652/tests/mocks/CdmBackendMock.h
2025-08-22 05:17:25,969 - Knowledge - INFO - process ingested knowledge for /app/data/b2c/9652/b589510/rialto-ocdm-9652/tests/mocks/CdmBackendMock.h
2025-08-22 05:17:26,381 - Knowledge - INFO - Found code-base-name: https://github.com/kavia-common/rialto-ocdm-9652.git:kavia-6.0.0-rc1
2025-08-22 05:17:26,382 - Knowledge - INFO - Found code_base: <app.utils.kg_build.knowledge.KnowledgeCodeBase object at 0x7fdac7626890>
2025-08-22 05:17:26,382 - Knowledge - INFO - persist ingested knowledge for /app/data/b2c/9652/b589510/rialto-ocdm-9652/tests/mocks/CdmBackendMock.h
2025-08-22 05:17:29,768 - Knowledge - INFO - persist search terms embedding for tests/mocks/CdmBackendMock.h
2025-08-22 05:17:33,171 - Knowledge - INFO - done ingest for /app/data/b2c/9652/b589510/rialto-ocdm-9652/library/source/open_cdm_ext.cpp
2025-08-22 05:17:33,378 - Knowledge - INFO - process ingested knowledge for /app/data/b2c/9652/b589510/rialto-ocdm-9652/library/source/open_cdm_ext.cpp
2025-08-22 05:17:33,775 - Knowledge - INFO - Found code-base-name: https://github.com/kavia-common/rialto-ocdm-9652.git:kavia-6.0.0-rc1
2025-08-22 05:17:33,775 - Knowledge - INFO - Found code_base: <app.utils.kg_build.knowledge.KnowledgeCodeBase object at 0x7fdac7626890>
2025-08-22 05:17:33,775 - Knowledge - INFO - persist ingested knowledge for /app/data/b2c/9652/b589510/rialto-ocdm-9652/library/source/open_cdm_ext.cpp
2025-08-22 05:17:36,389 - Knowledge - INFO - persist search terms embedding for library/source/open_cdm_ext.cpp
2025-08-22 05:17:42,774 - Knowledge - INFO - done ingest for /app/data/b2c/9652/b589510/rialto-ocdm-9652/tests/mocks/ControlMock.h
2025-08-22 05:17:43,072 - Knowledge - INFO - process ingested knowledge for /app/data/b2c/9652/b589510/rialto-ocdm-9652/tests/mocks/ControlMock.h
2025-08-22 05:17:43,263 - Knowledge - INFO - Found code-base-name: https://github.com/kavia-common/rialto-ocdm-9652.git:kavia-6.0.0-rc1
2025-08-22 05:17:43,264 - Knowledge - INFO - Found code_base: <app.utils.kg_build.knowledge.KnowledgeCodeBase object at 0x7fdac7626890>
2025-08-22 05:17:43,264 - Knowledge - INFO - persist ingested knowledge for /app/data/b2c/9652/b589510/rialto-ocdm-9652/tests/mocks/ControlMock.h
2025-08-22 05:17:50,865 - Knowledge - INFO - persist search terms embedding for tests/mocks/ControlMock.h
2025-08-22 05:17:53,067 - Knowledge - INFO - done ingest for /app/data/b2c/9652/b589510/rialto-ocdm-9652/build_ut.py
2025-08-22 05:17:53,465 - Knowledge - INFO - process ingested knowledge for /app/data/b2c/9652/b589510/rialto-ocdm-9652/build_ut.py
2025-08-22 05:17:53,769 - Knowledge - INFO - Found code-base-name: https://github.com/kavia-common/rialto-ocdm-9652.git:kavia-6.0.0-rc1
2025-08-22 05:17:53,769 - Knowledge - INFO - Found code_base: <app.utils.kg_build.knowledge.KnowledgeCodeBase object at 0x7fdac7626890>
2025-08-22 05:17:53,769 - Knowledge - INFO - persist ingested knowledge for /app/data/b2c/9652/b589510/rialto-ocdm-9652/build_ut.py
2025-08-22 05:17:56,669 - Knowledge - INFO - persist search terms embedding for build_ut.py
2025-08-22 05:17:57,275 - Knowledge - INFO - done ingest for /app/data/b2c/9652/b589510/rialto-ocdm-9652/tests/mocks/MediaKeysCapabilitiesMock.h
2025-08-22 05:17:57,767 - Knowledge - INFO - process ingested knowledge for /app/data/b2c/9652/b589510/rialto-ocdm-9652/tests/mocks/MediaKeysCapabilitiesMock.h
2025-08-22 05:17:57,976 - Knowledge - INFO - Found code-base-name: https://github.com/kavia-common/rialto-ocdm-9652.git:kavia-6.0.0-rc1
2025-08-22 05:17:57,976 - Knowledge - INFO - Found code_base: <app.utils.kg_build.knowledge.KnowledgeCodeBase object at 0x7fdac7626890>
2025-08-22 05:17:57,976 - Knowledge - INFO - persist ingested knowledge for /app/data/b2c/9652/b589510/rialto-ocdm-9652/tests/mocks/MediaKeysCapabilitiesMock.h
2025-08-22 05:18:00,364 - Knowledge - INFO - persist search terms embedding for tests/mocks/MediaKeysCapabilitiesMock.h
2025-08-22 05:18:06,872 - Knowledge - INFO - done ingest for /app/data/b2c/9652/b589510/rialto-ocdm-9652/library/source/OpenCDMSessionPrivate.cpp
2025-08-22 05:18:07,076 - Knowledge - INFO - process ingested knowledge for /app/data/b2c/9652/b589510/rialto-ocdm-9652/library/source/OpenCDMSessionPrivate.cpp
2025-08-22 05:18:08,476 - Knowledge - INFO - Found code-base-name: https://github.com/kavia-common/rialto-ocdm-9652.git:kavia-6.0.0-rc1
2025-08-22 05:18:08,477 - Knowledge - INFO - Found code_base: <app.utils.kg_build.knowledge.KnowledgeCodeBase object at 0x7fdac7626890>
2025-08-22 05:18:08,477 - Knowledge - INFO - persist ingested knowledge for /app/data/b2c/9652/b589510/rialto-ocdm-9652/library/source/OpenCDMSessionPrivate.cpp
2025-08-22 05:18:08,583 - Knowledge - INFO - done ingest for /app/data/b2c/9652/b589510/rialto-ocdm-9652/library/source/OpenCDMSystemPrivate.cpp
2025-08-22 05:18:08,877 - Knowledge - INFO - process ingested knowledge for /app/data/b2c/9652/b589510/rialto-ocdm-9652/library/source/OpenCDMSystemPrivate.cpp
2025-08-22 05:18:10,870 - Knowledge - INFO - persist search terms embedding for library/source/OpenCDMSessionPrivate.cpp
2025-08-22 05:18:11,371 - Knowledge - INFO - Found code-base-name: https://github.com/kavia-common/rialto-ocdm-9652.git:kavia-6.0.0-rc1
2025-08-22 05:18:11,371 - Knowledge - INFO - Found code_base: <app.utils.kg_build.knowledge.KnowledgeCodeBase object at 0x7fdac7626890>
2025-08-22 05:18:11,371 - Knowledge - INFO - persist ingested knowledge for /app/data/b2c/9652/b589510/rialto-ocdm-9652/library/source/OpenCDMSystemPrivate.cpp
2025-08-22 05:18:13,471 - Knowledge - INFO - persist search terms embedding for library/source/OpenCDMSystemPrivate.cpp
2025-08-22 05:18:15,769 - Knowledge - INFO - done ingest for /app/data/b2c/9652/b589510/rialto-ocdm-9652/tests/mocks/MediaKeysMock.h
2025-08-22 05:18:15,889 - Knowledge - INFO - process ingested knowledge for /app/data/b2c/9652/b589510/rialto-ocdm-9652/tests/mocks/MediaKeysMock.h
2025-08-22 05:18:16,264 - Knowledge - INFO - Found code-base-name: https://github.com/kavia-common/rialto-ocdm-9652.git:kavia-6.0.0-rc1
2025-08-22 05:18:16,264 - Knowledge - INFO - Found code_base: <app.utils.kg_build.knowledge.KnowledgeCodeBase object at 0x7fdac7626890>
2025-08-22 05:18:16,264 - Knowledge - INFO - persist ingested knowledge for /app/data/b2c/9652/b589510/rialto-ocdm-9652/tests/mocks/MediaKeysMock.h
2025-08-22 05:18:20,593 - Knowledge - INFO - persist search terms embedding for tests/mocks/MediaKeysMock.h
2025-08-22 05:18:25,082 - Knowledge - INFO - done ingest for /app/data/b2c/9652/b589510/rialto-ocdm-9652/library/source/open_cdm.cpp
2025-08-22 05:18:25,377 - Knowledge - INFO - process ingested knowledge for /app/data/b2c/9652/b589510/rialto-ocdm-9652/library/source/open_cdm.cpp
2025-08-22 05:18:25,665 - Knowledge - INFO - Found code-base-name: https://github.com/kavia-common/rialto-ocdm-9652.git:kavia-6.0.0-rc1
2025-08-22 05:18:25,665 - Knowledge - INFO - Found code_base: <app.utils.kg_build.knowledge.KnowledgeCodeBase object at 0x7fdac7626890>
2025-08-22 05:18:25,665 - Knowledge - INFO - persist ingested knowledge for /app/data/b2c/9652/b589510/rialto-ocdm-9652/library/source/open_cdm.cpp
2025-08-22 05:18:28,381 - Knowledge - INFO - persist search terms embedding for library/source/open_cdm.cpp
2025-08-22 05:18:28,967 - Knowledge - INFO - done ingest for /app/data/b2c/9652/b589510/rialto-ocdm-9652/tests/mocks/OpenCDMSystemMock.h
2025-08-22 05:18:29,269 - Knowledge - INFO - process ingested knowledge for /app/data/b2c/9652/b589510/rialto-ocdm-9652/tests/mocks/OpenCDMSystemMock.h
2025-08-22 05:18:30,179 - Knowledge - INFO - Found code-base-name: https://github.com/kavia-common/rialto-ocdm-9652.git:kavia-6.0.0-rc1
2025-08-22 05:18:30,179 - Knowledge - INFO - Found code_base: <app.utils.kg_build.knowledge.KnowledgeCodeBase object at 0x7fdac7626890>
2025-08-22 05:18:30,179 - Knowledge - INFO - persist ingested knowledge for /app/data/b2c/9652/b589510/rialto-ocdm-9652/tests/mocks/OpenCDMSystemMock.h
2025-08-22 05:18:32,563 - Knowledge - INFO - persist search terms embedding for tests/mocks/OpenCDMSystemMock.h
2025-08-22 05:18:37,175 - Knowledge - INFO - done ingest for /app/data/b2c/9652/b589510/rialto-ocdm-9652/tests/mocks/OpenCDMSessionMock.h
2025-08-22 05:18:37,396 - Knowledge - INFO - process ingested knowledge for /app/data/b2c/9652/b589510/rialto-ocdm-9652/tests/mocks/OpenCDMSessionMock.h
2025-08-22 05:18:37,869 - Knowledge - INFO - Found code-base-name: https://github.com/kavia-common/rialto-ocdm-9652.git:kavia-6.0.0-rc1
2025-08-22 05:18:37,869 - Knowledge - INFO - Found code_base: <app.utils.kg_build.knowledge.KnowledgeCodeBase object at 0x7fdac7626890>
2025-08-22 05:18:37,870 - Knowledge - INFO - persist ingested knowledge for /app/data/b2c/9652/b589510/rialto-ocdm-9652/tests/mocks/OpenCDMSessionMock.h
2025-08-22 05:18:40,267 - Knowledge - INFO - persist search terms embedding for tests/mocks/OpenCDMSessionMock.h
2025-08-22 05:18:45,475 - Knowledge - INFO - done ingest for /app/data/b2c/9652/b589510/rialto-ocdm-9652/tests/ut/OpenCdmSessionTests.cpp
2025-08-22 05:18:46,172 - Knowledge - INFO - process ingested knowledge for /app/data/b2c/9652/b589510/rialto-ocdm-9652/tests/ut/OpenCdmSessionTests.cpp
2025-08-22 05:18:46,563 - Knowledge - INFO - Found code-base-name: https://github.com/kavia-common/rialto-ocdm-9652.git:kavia-6.0.0-rc1
2025-08-22 05:18:46,564 - Knowledge - INFO - Found code_base: <app.utils.kg_build.knowledge.KnowledgeCodeBase object at 0x7fdac7626890>
2025-08-22 05:18:46,564 - Knowledge - INFO - persist ingested knowledge for /app/data/b2c/9652/b589510/rialto-ocdm-9652/tests/ut/OpenCdmSessionTests.cpp
2025-08-22 05:18:52,464 - Knowledge - INFO - persist search terms embedding for tests/ut/OpenCdmSessionTests.cpp
2025-08-22 05:19:23,186 - Knowledge - INFO - done ingest for /app/data/b2c/9652/b589510/rialto-ocdm-9652/tests/ut/OpenCdmExtTests.cpp
2025-08-22 05:19:23,579 - Knowledge - INFO - process ingested knowledge for /app/data/b2c/9652/b589510/rialto-ocdm-9652/tests/ut/OpenCdmExtTests.cpp
2025-08-22 05:19:24,385 - Knowledge - INFO - Found code-base-name: https://github.com/kavia-common/rialto-ocdm-9652.git:kavia-6.0.0-rc1
2025-08-22 05:19:24,386 - Knowledge - INFO - Found code_base: <app.utils.kg_build.knowledge.KnowledgeCodeBase object at 0x7fdac7626890>
2025-08-22 05:19:24,386 - Knowledge - INFO - persist ingested knowledge for /app/data/b2c/9652/b589510/rialto-ocdm-9652/tests/ut/OpenCdmExtTests.cpp
2025-08-22 05:19:25,987 - Knowledge - INFO - done ingest for /app/data/b2c/9652/b589510/rialto-ocdm-9652/tests/ut/OpenCdmTests.cpp
2025-08-22 05:19:26,069 - Knowledge - INFO - process ingested knowledge for /app/data/b2c/9652/b589510/rialto-ocdm-9652/tests/ut/OpenCdmTests.cpp
2025-08-22 05:19:26,376 - Knowledge - INFO - persist search terms embedding for tests/ut/OpenCdmExtTests.cpp
2025-08-22 05:19:26,382 - Knowledge - INFO - Found code-base-name: https://github.com/kavia-common/rialto-ocdm-9652.git:kavia-6.0.0-rc1
2025-08-22 05:19:26,382 - Knowledge - INFO - Found code_base: <app.utils.kg_build.knowledge.KnowledgeCodeBase object at 0x7fdac7626890>
2025-08-22 05:19:26,382 - Knowledge - INFO - persist ingested knowledge for /app/data/b2c/9652/b589510/rialto-ocdm-9652/tests/ut/OpenCdmTests.cpp
2025-08-22 05:19:27,269 - Knowledge - INFO - persist search terms embedding for tests/ut/OpenCdmTests.cpp
2025-08-22 05:19:27,272 - Knowledge - INFO - Knowledge creation complete
2025-08-22 05:19:27,274 - Knowledge - INFO - Updating org costs, total cost: 0.031664
2025-08-22 05:19:28,182 - Knowledge - INFO - Saving knowledge to Redis...
2025-08-22 05:19:28,373 - Knowledge - INFO - Knowledge saved to Redis successfully
